empresa,ticker,ticker_bdr,isin,isin_bdr,paridade_a_o_bdr,pa_s,tipo_investidor,banco_deposit_rio,bolsa_de_origem,setor
3M COMPANY,MMM,MMMC34,US88579Y1010,BRMMMCBDR000,1:4,USA,Investidor em Geral,Banco B3,NYSE,Conglomerado
ABB LTD,ABB,A1BB34,US0003752047,BRA1BBBDR009,1:4,CHE,Investidor em Geral,Banco B3,NYSE,Industrial
ABBOTT LABORATORIES,ABT,ABTT34,US0028241000,BRABTTBDR007,1:12,USA,Investidor em Geral,Banco B3,NYSE,Farmacêutico
ABBVIE INC.,ABBV,ABBV34,US00287Y1091,BRABBVBDR001,1:16,USA,Investidor em Geral,Banco B3,NYSE,Farmacêutico
ABN AMRO BANK N.V,ABN,ABAM34,NL0011540547,BRABAMBDR002,1:1,NL,Investidor em Geral,Bradesco,Euronext,-
Academy Sports & Outdoors Inc,ASO,A2SO34,US00402L1070,BRA2SOBDR004,1:4,USA,Investidor em Geral,Banco B3,NASDAQ GS,Entretenimento
ACCENTURE PLC,ACN,ACNB34,IE00B4BNMY4,BRACNBBDR006,1:1,IE,Investidor em Geral,Bradesco,NYSE,Tecnologia da Informação/Programas e Serviços
ACTIVISION BLIZZARD INC,ATVI,ATVI34,US00507V1098,BRATVIBDR008,1:1,USA,Investidor em Geral,Banco B3,NASDAQ,Tecnologia
ADAPTHEALTH CORP,AHCO,A2HC34,US00653Q1022,BRA2HCBDR002,1:2,USA,Investidor em Geral,Banco B3,NASDAQ GS,Farmacêutico
ADOBE INC,ADBE,ADBE34,US00724F1012,BRADBEBDR003,1:50,USA,Investidor em Geral,Banco B3,NASDAQ,Tecnologia
ADVANCE AUTO PARTS INC,AAP,A1AP34,US00751Y1064,BRA1APBDR001,1:16,USA,Investidor em Geral,Banco B3,NYSE,Auto peças
ADVANCED MICRO DEVICES INC,AMD,A1MD34,US0079031078,BRA1MDBDR002,1:8,USA,Investidor em Geral,Banco B3,NASDAQ,Tecnologia
AEGON NV,AEG,A1EG34,US0079241032,BRA1EGBDR002,1:1,NL,Investidor em Geral,Banco B3,NYSE,Financeiro
AES CORP,AES,A1ES34,US00130H1059,BRA1ESBDR007,1:1,USA,Investidor em Geral,Banco B3,NYSE,Utilidades
AFLAC INC,AFL,A1FL34,US0010551028,BRA1FLBDR009,1:1,USA,Investidor em Geral,Banco B3,NYSE,Financeiro
AGILENT TECHNOLOGIES INC,A,A1GI34,US00846U1016,BRA1GIBDR003,1:2,USA,Investidor em Geral,Banco B3,NYSE,Industrial
AIR PRODUCTS & CHEMICALS INC,APD,A1PD34,US0091581068,BRA1PDBDR005,1:4,USA,Investidor em Geral,Banco B3,NYSE,Materiais básicos
Airbnb Inc,ABNB,AIRB34,US0090661010,BRAIRBBDR004,1:20,USA,Investidor em Geral,Banco B3,NASDAQ,Comércio Eletrônico
AKAMAI TECHNOLOGIES INC,AKAM,A1KA34,US00971T1016,BRA1KABDR002,1:12,USA,Investidor em Geral,Banco B3,NASDAQ,Tecnologia
AKZO NOBEL,AKZA,AKZA34,NL0013267909,BRAKZABDR005,1:10,NL,Investidor em Geral,Bradesco,Euronext,-
ALASKA AIR GROUP INC,ALK,A1LK34,US0116591092,BRA1LKBDR009,1:1,USA,Investidor em Geral,Banco B3,NYSE,Aviação
ALBEMARLE CORP,ALB,A1LB34,US0126531013,BRA1LBBDR008,1:24,USA,Investidor em Geral,Banco B3,NYSE,Materiais básicos
ALCON INC,ALC,A2LC34,CH0432492467,BRA2LCBDR004,1:10,CHE,Investidor em Geral,Banco B3,NYSE,Equipamentos Médicos
ALEXANDRIA REAL ESTATE EQUITIES INC,ARE,A1RE34,US0152711091,BRA1REBDR009,1:4,USA,Investidor em Geral,Banco B3,NYSE,Financeiro
ALIBABA GROUP HOLDING LTD,BABA,BABA34,US01609W1027,BRBABABDR005,1:28,CN,Investidor em Geral,Banco B3,NYSE,Comunicação
ALIGN TECHNOLOGY INC,ALGN,A1LG34,US0162551016,BRA1LGBDR007,1:4,USA,Investidor em Geral,Banco B3,NASDAQ,Tecnologia
ALLEGION PLC,ALLE,A1GN34,IE00BFRT3W74,BRA1GNBDR003,1:2,IE,Investidor em Geral,Banco B3,NYSE,Industrial
ALLFUNDS GROUP,ALLFG,ALFG34,GB00BNTJ3546,BRALFGBDR002,1:2,NL,Investidor em Geral,Bradesco,Euronext,-
ALLIANT ENERGY CORP,LNT,A1EN34,US0188021085,BRA1ENBDR008,1:1,USA,Investidor em Geral,Banco B3,NASDAQ,Utilidades
ALLSCRIPTS HEALTHCARE SOLUTIONS INC,MDRX,M2DR34,US01988P1084,BRM2DRBDR005,1:2,USA,Investidor em Geral,Banco B3,NASDAQ GS,Medicina
ALLSTATE CORP,ALL,A1TT34,US0200021014,BRA1TTBDR003,1:24,USA,Investidor em Geral,Banco B3,NYSE,Financeiro
ALNYLAM PHARMACEUTICALS INC,ALNY,A1LN34,US02043Q1076,BRA1LNBDR003,1:20,USA,Investidor em Geral,Banco B3,NASDAQ,Farmacêutico
ALPHABET INC. (CLASS A),GOOGL,GOGL34,US02079K3059,BRGOGLBDR001,1:12,USA,Investidor em Geral,Banco B3,NASDAQ,Tecnologia
ALPHABET INC. (CLASS C),GOOG,GOGL35,US02079K1079,BRGOGLBDR019,1:12,USA,Investidor em Geral,Banco B3,NASDAQ,Tecnologia
ALTERYX INC,AYX,A1YX34,US02156B1035,BRA1YXBDR005,1:20,USA,Investidor em Geral,Banco B3,NYSE,Tecnologia
"ALTRIA GROUP, INC.",MO,MOOO34,US02209S1033,BRMOOOBDR007,1:1,USA,Investidor em Geral,Banco B3,NYSE,Tabaco
"AMAZON.COM, INC",AMZN,AMZO34,US0231351067,BRAMZOBDR002,1:20,USA,Investidor em Geral,Itaú Unibanco,NASDAQ,Consumo Cíclico/Comércio/Produtos Diversos
AMBARELLA INC,AMBA,A2MB34,KYG037AX1015,BRA2MBBDR004,1:25,USA,Investidor em Geral,Banco B3,NASDAQ,Tecnologia
AMC Entertainment Holdings Inc,AMC,A2MC34,US00165C1045,BRA2MCBDR002,1:6,USA,Investidor em Geral,Banco B3,NYSE,Entretenimento
AMCOR PLC,AMCR,A1CR34,JE00BJ1F3079,BRA1CRBDR003,1:1,GBR,Investidor em Geral,Banco B3,NYSE,Industrial
AMDOCS LTD,DOX,D2OX34,GB0022569080,BRD2OXBDR001,1:8,GBR,Investidor em Geral,Banco B3,NASDAQ,Tecnologia
AMEDISYS INC,AMED,A2ME34,US0234361089,BRA2MEBDR008,1:12,USA,Investidor em Geral,Banco B3,NASDAQ GS,Medicina
AMEREN CORP,AEE,A1EE34,US0236081024,BRA1EEBDR007,1:2,USA,Investidor em Geral,Banco B3,NYSE,Utilidades
AMERICAN AIRLINES GROUP INC.,AAL,AALL34,US02376R1023,BRAALLBDR003,1:1,USA,Investidor em Geral,Banco B3,NASDAQ,Aviação
AMERICAN ELECTRIC POWER CO INC,AEP,A1EP34,US0255371017,BRA1EPBDR003,1:2,USA,Investidor em Geral,Banco B3,NYSE,Utilidades
AMERICAN EXPRESS COMPANY,AXP,AXPB34,US0258161092,BRAXPBBDR007,1:10,USA,Investidor em Geral,Bradesco,NYSE,Financeiro e Outros/Serviços Financeiros Diversos
AMERICAN INTERNATIONAL GROUP INC.,AIG,AIGB34,US0268747849,BRAIGBBDR007,1:1,USA,Investidor em Geral,Bradesco,NYSE,Financeiro e Outros/Previdência e Seguros/Seguradoras
AMERICAN TOWER CORP,AMT,T1OW34,US03027X1000,BRT1OWBDR007,1:24,USA,Investidor em Geral,Banco B3,NYSE,Financeiro
AMERICAN WATER WORKS CO INC,AWK,A1WK34,US0304201033,BRA1WKBDR006,1:4,USA,Investidor em Geral,Banco B3,NYSE,Utilidades
AMERIPRISE FINANCIAL INC,AMP,A1MP34,US03076C1062,BRA1MPBDR006,1:4,USA,Investidor em Geral,Banco B3,NYSE,Financeiro
AMERISOURCEBERGEN CORP,ABC,A1MB34,US03073E1055,BRA1MBBDR006,1:2,USA,Investidor em Geral,Banco B3,NYSE,Farmacêutico
AMETEK INC,AME,A1ME34,US0311001004,BRA1MEBDR000,1:24,USA,Investidor em Geral,Banco B3,NYSE,Industrial
AMGEN INC.,AMGN,AMGN34,US0311621009,BRAMGNBDR004,1:28,USA,Investidor em Geral,Banco B3,NASDAQ,Biotecnologia
AMPHENOL CORP,APH,A1PH34,US0320951017,BRA1PHBDR006,1:2,USA,Investidor em Geral,Banco B3,NYSE,Industrial
Amyris Inc,AMRS,A2MR34,US03236M2008,BRA2MRBDR000,1:1,USA,Investidor em Geral,Banco B3,NASDAQ GS,Farmacêutico
ANALOG DEVICES INC,ADI,A1DI34,US0326541051,BRA1DIBDR000,1:2,USA,Investidor em Geral,Banco B3,NASDAQ,Tecnologia
Anglo American PLC,AAL,AAGO34,GB00B1XZS820,BRAAGOBDR007,1:500,UK,Investidor em Geral,Bradesco,LSE,-
ANGLOGOLD ASHANTI LTD,AU,A1UA34,US0351282068,BRA1UABDR001,1:4,ZAF,Investidor em Geral,Banco B3,NYSE,Mineradora
ANHEUSER-BUSCH INBEV SA/NV,BUD,ABUD34,US03524A1088,BRABUDBDR009,1:6,BE,Investidor em Geral,Banco B3,NYSE,Bebidas
ANNALY CAPITAL MANAGEMENT INC,NLY,N2LY34,US0357108390,BRN2LYBDR003,1:1,USA,Investidor em Geral,Banco B3,NYSE,Financeiro
ANSYS INC,ANSS,A1NS34,US03662Q1058,BRA1NSBDR008,1:4,USA,Investidor em Geral,Banco B3,NASDAQ,Tecnologia
AO SMITH CORP,AOS,A1OS34,US8318652091,BRA1OSBDR006,1:1,USA,Investidor em Geral,Banco B3,NYSE,Industrial
AON PLC,AON,A1ON34,IE00BLP1HW54,BRA1ONBDR007,1:4,IE,Investidor em Geral,Banco B3,NYSE,Financeiro
APA CORP,APA,A1PA34,US03743Q1085,BRA1PABDR001,1:1,USA,Investidor em Geral,Banco B3,NYSE,Energia
APARTMENT INVESTMENT & MANAGEMENT CO,AIV,A1IV34,US03748R7474,BRA1IVBDR002,1:1,USA,Investidor em Geral,Banco B3,NYSE,Financeiro
APPLE INC.,AAPL,AAPL34,US0378331005,BRAAPLBDR004,1:20,USA,Investidor em Geral,Banco B3,NASDAQ,Tecnologia
APPLIED MATERIALS INC,AMAT,A1MT34,US0382221051,BRA1MTBDR008,1:10,USA,Investidor em Geral,Banco B3,NASDAQ,Tecnologia
APTARGROUP INC,ATR,A2TR34,US0383361039,BRA2TRBDR005,1:10,USA,Investidor em Geral,Banco B3,NYSE,Industrial
APTIV PLC,APTV,APTV34,JE00B783TY65,BRAPTVBDR003,1:2,IE,Investidor em Geral,Banco B3,NYSE,Farmacêutico
ARCELORMITTAL,MT,ARMT34,US03938L2034,BRARMTBDR008,1:2,LU,Investidor em Geral,Banco B3,NASDAQ,Metalurgia e Siderurgia
ARCHER-DANIELS-MIDLAND CO,ADM,A1DM34,US0394831020,BRA1DMBDR002,1:1,USA,Investidor em Geral,Banco B3,NYSE,Conglomerado
ARES MANAGEMENT CORP,ARES,A2RE34,US03990B1017,BRA2REBDR007,1:10,USA,Investidor em Geral,Banco B3,NYSE,Financeiro
ARGENX SE,ARGX,A1RG34,US04016X1019,BRA1RGBDR004,1:25,NL,Investidor em Geral,Banco B3,NASDAQ,Farmacêutico
ARISTA NETWORKS INC,ANET,A1NE34,US0404131064,BRA1NEBDR008,1:4,USA,Investidor em Geral,Banco B3,NYSE,Comunicação
ARMSTRONG WORLD INDUSTRIES INC,AWI,AWII34,US04247X1028,BRAWIIBDR009,1:1,USA,Investidor em Geral,Banco B3,NYSE,Industrial
ARROW ELECTRONICS INC,ARW,A2RW34,US0427351004,BRA2RWBDR009,1:15,USA,Investidor em Geral,Banco B3,NYSE,Industrial
ARROWHEAD PHARMACEUTICALS INC,ARWR,A2RR34,US04280A1007,BRA2RRBDR009,1:8,USA,Investidor em Geral,Banco B3,NASDAQ,"Pacífico Asiático, Ex Japão"
ARTHUR J GALLAGHER & CO,AJG,A1JG34,US3635761097,BRA1JGBDR001,1:2,USA,Investidor em Geral,Banco B3,NYSE,Financeiro
ASCENDIS PHARMA A/S,ASND,A1SN34,US04351P1012,BRA1SNBDR008,1:15,DK,Investidor em Geral,Banco B3,NASDAQ,Farmacêutico
ASML HOLDING NV,ASML,ASML34,USN070592100,BRASMLBDR003,1:55,NL,Investidor em Geral,Banco B3,NASDAQ,Tecnologia
ASSURANT INC,AIZ,A1SU34,US04621X1081,BRA1SUBDR003,1:4,USA,Investidor em Geral,Banco B3,NYSE,Financeiro
ASTRAZENECA PLC,AZN,A1ZN34,US0463531089,BRA1ZNBDR003,1:6,GBR,Investidor em Geral,Banco B3,NYSE,Farmacêutico
AT&T INC.,T,ATTB34,US00206R1023,BRATTBBDR007,1:3,USA,Investidor em Geral,Bradesco,NYSE,Telecomunicações
ATLASSIAN CORPORATION PLC,TEAM,T1AM34,US0357108390,BRT1AMBDR007,1:20,USA,Investidor em Geral,Banco B3,NASDAQ,Tecnologia
ATMOS ENERGY CORP,ATO,A1TM34,US0495601058,BRA1TMBDR008,1:2,USA,Investidor em Geral,Banco B3,NYSE,Utilidades
AURA MINERALS INC.,ORA,AURA33,VGG069731120,BRAURABDR001,1:1,CA,Investidor em Geral,Bradesco,TSX,Materiais Básicos/Mineração/Minerais Metálicos
AUTODESK INC,ADSK,A1UT34,US0527691069,BRA1UTBDR001,1:4,USA,Investidor em Geral,Banco B3,NASDAQ,Tecnologia
AUTOHOME INC,ATHM,A1TH34,US05278C1071,BRA1THBDR008,1:10,CN,Investidor em Geral,Banco B3,NYSE,Comunicação
AUTOMATIC DATA PROCESSING INC,ADP,ADPR34,US0530151036,BRADPRBDR005,1:24,USA,Investidor em Geral,Banco B3,NASDAQ,Financeiro
AUTOZONE INC,AZO,AZOI34,US0533321024,BRAZOIBDR000,1:220,USA,Investidor em Geral,Banco B3,NYSE,Auto peças
AVALONBAY COMMUNITIES INC,AVB,A1VB34,US0534841012,BRA1VBBDR007,1:4,USA,Investidor em Geral,Banco B3,NYSE,Financeiro
AVERY DENNISON CORP,AVY,A1VY34,US0536111091,BRA1VYBDR009,1:2,USA,Investidor em Geral,Banco B3,NYSE,Industrial
AXON ENTERPRISE INC,AXON,A2XO34,US05464C1018,BRA2XOBDR004,1:18,USA,Investidor em Geral,Banco B3,NASDAQ,Industrial
AZENTA INC,AZTA,A2ZT34,US1143401024,BRA2ZTBDR008,1:12,USA,Investidor em Geral,Banco B3,NASDAQ,Tecnologia
BAIDU INC,BIDU,BIDU34,US0567521085,BRBIDUBDR002,1:14,CN,Investidor em Geral,Banco B3,NASDAQ,Comunicação
BAKER HUGHES CO,BKR,B1KR34,US05722G1004,BRB1KRBDR005,1:1,USA,Investidor em Geral,Banco B3,NYSE,Energia
BALCHEM CORP,BCPC,B2CP34,US0576652004,BRB2CPBDR004,1:12,USA,Investidor em Geral,Banco B3,NASDAQ GS,Materiais básicos
BALL CORP,BALL,B1LL34,US0584981064,BRB1LLBDR006,1:2,USA,Investidor em Geral,Banco B3,NYSE,Industrial
BANCO BILBAO VIZCAYA ARGENTARIA SA,BBVA,BILB34,US05946K1016,BRBILBBDR005,1:1,ES,Investidor em Geral,Banco B3,NYSE,Financeiro
BANCO SANTANDER CHILE,BSAC,B1SA34,US05965X1090,BRB1SABDR004,1:2,CL,Investidor em Geral,Banco B3,NYSE,Financeiro
BANCO SANTANDER SA,SAN,BCSA34,US05964H1059,BRBCSABDR005,1:1,ES,Investidor em Geral,Banco B3,NYSE,Financeiro
BANCOLOMBIA SA,CIB,C2OL34,US05968L1026,BRC2OLBDR007,1:4,USA,Investidor em Geral,Banco B3,NYSE,Financeiro
BANK OF AMERICA CORPORATION,BAC,BOAC34,US0605051046,BRBOACBDR004,1:4,USA,Investidor em Geral,Banco B3,NYSE,Financeiro
BARCLAYS PLC,BCS,B1CS34,US06738E2046,BRB1CSBDR000,1:1,GBR,Investidor em Geral,Banco B3,NYSE,Financeiro
Barrick Gold,ABX,BARR34,CA067901108,BRBARRBDR005,1:2,CA,Investidor em Geral,Bradesco,TSX,-
"Bath & Body Works, Inc.",BBWI,B1BW34,US0708301041,BRB1BWBDR012,1:4,USA,Investidor em Geral,Banco B3,NYSE,Beleza
BAXTER INTERNATIONAL INC,BAX,B1AX34,US0718131099,BRB1AXBDR004,1:2,USA,Investidor em Geral,Banco B3,NYSE,Medicina
BECTON DICKINSON AND CO,BDX,B1DX34,US0758871091,BRB1DXBDR008,1:5,USA,Investidor em Geral,Banco B3,NYSE,Equipamentos Médicos
BEIGENE LTD,BGNE,B1GN34,US07725L1026,BRB1GNBDR002,1:25,CN,Investidor em Geral,Banco B3,NASDAQ,Farmacêutico
BERKSHIRE HATHAWAY INC.,BRKB,BERK34,US0846707026,BRBERKBDR002,1:20,USA,Investidor em Geral,Bradesco,NYSE,Financeiro e Outros/Holdings Diversificadas
"BEST BUY CO., INC.",BBY,BBYY34,US0865161014,BRBBYYBDR005,1:1,USA,Investidor em Geral,Banco B3,NYSE,Tecnologia
BEYOND MEAT INC,BYND,B2YN34,US08862E1091,BRB2YNBDR003,1:20,USA,Investidor em Geral,Banco B3,NASDAQ,"Alimentação, restaurantes"
BILIBILI INC,BILI,B1IL34,US0900401060,BRB1ILBDR002,1:5,CN,Investidor em Geral,Banco B3,NASDAQ,Tecnologia
BILL.COM HOLDINGS INC,BILL,B2HI34,US0900431000,BRB2HIBDR008,1:180,USA,Investidor em Geral,Banco B3,NYSE,Tecnologia
BIOGEN INC.,BIIB,BIIB34,US09062X1037,BRBIIBBDR001,1:6,USA,Investidor em Geral,Banco B3,NASDAQ,Biotecnologia
BIOMARIN PHARMACEUTICAL INC,BMRN,B1MR34,US09061G1013,BRB1MRBDR001,1:2,USA,Investidor em Geral,Banco B3,NASDAQ,Farmacêutico
BIONTECH SE,BNTX,B1NT34,US09075V1026,BRB1NTBDR005,1:16,DE,Investidor em Geral,Banco B3,NASDAQ,Farmacêutico
BIO-TECHNE CORPORATION,TECH,T1CH34,US09073M1045,BRT1CHBDR003,1:30,USA,Investidor em Geral,Banco B3,NASDAQ,Farmacêutico
BLACKLINE INC,BL,B2LN34,US09239B1098,BRB2LNBDR000,1:12,USA,Investidor em Geral,Banco B3,NASDAQ,Tecnologia
"BLACKROCK, INC.",BLK,BLAK34,US09247X1019,BRBLAKBDR003,1:66,USA,Investidor em Geral,Banco B3,NYSE,Financeiro
"BLOCK, INC.",SQ,S2QU34,US8522341036,BRS2QUBDR005,1:25,USA,Investidor em Geral,Banco B3,NYSE,Financeiro
BOOKING HOLDINGS INC,BKNG,BKNG34,US09857L1089,BRBKNGBDR006,1:175,USA,Investidor em Geral,Banco B3,NASDAQ,Comunicação
BOOZ ALLEN HAMILTON HOLDING CORP,BAH,B2AH34,US0995021062,BRB2AHBDR005,1:10,USA,Investidor em Geral,Banco B3,NYSE,Consultoria
BORGWARNER INC,BWA,B1WA34,US0997241064,BRB1WABDR006,1:1,USA,Investidor em Geral,Banco B3,NYSE,Auto peças
"BOSTON PROPERTIES, INC",BXP,BOXP34,US1011211018,BRBOXPBDR008,1:10,USA,Investidor em Geral,Banco B3,NYSE,Imobiliário
BOSTON SCIENTIFIC CORP,BSX,B1SX34,US1011371077,BRB1SXBDR006,1:1,USA,Investidor em Geral,Banco B3,NYSE,Equipamentos Médicos
BP PLC,BP,B1PP34,US0556221044,BRB1PPBDR008,1:4,GBR,Investidor em Geral,Banco B3,NYSE,Energia
"Bread Financial Holdings, Inc.",BFH,A1LL34,US0185811082,BRA1LLBDR007,1:4,USA,Investidor em Geral,Banco B3,NYSE,Financeiro
BRISTOL-MYERS SQUIBB COMPANY,BMY,BMYB34,US1101221083,BRBMYBBDR000,1:1,USA,Investidor em Geral,Bradesco,NYSE,Saúde/Medicamentos e Outros Produtos/Medicamentos e Outros Produtos
BRITISH AMERICAN TOBACCO PLC,BTI,B1TI34,US1104481072,BRB1TIBDR005,1:5,GBR,Investidor em Geral,Banco B3,NYSE,Tabaco
BROADCOM INC,AVGO,AVGO34,US11135F1012,BRAVGOBDR003,1:70,USA,Investidor em Geral,Banco B3,NASDAQ,Tecnologia
BROADRIDGE FINANCIAL SOLUTIONS INC,BR,B1RF34,US11133T1034,BRB1RFBDR005,1:4,USA,Investidor em Geral,Banco B3,NYSE,Tecnologia
BROWN FORMAN CORP,BF/B,B1FC34,US1156372096,BRB1FCBDR007,1:1,USA,Investidor em Geral,Banco B3,NYSE,Bebidas
BRUKER CORP,BRKR,B2RK34,US1167941087,BRB2RKBDR003,1:10,USA,Investidor em Geral,Banco B3,NASDAQ,Equipamentos Médicos
BUMBLE INC,BMBL,B2MB34,US12047B1052,BRB2MBBDR003,1:5,USA,Investidor em Geral,Banco B3,NASDAQ,Comunicação
BURLINGTON STORES INC,BURL,B2UR34,US1220171060,BRB2URBDR002,1:30,USA,Investidor em Geral,Banco B3,NYSE,Comércio
CABLE ONE INC,CABO,C1AB34,US12685J1051,BRC1ABBDR009,1:200,USA,Investidor em Geral,Banco B3,NYSE,Comunicação
CACI INTERNATIONAL INC,CACI,C2AC34,US1271903049,BRC2ACBDR005,1:780,USA,Investidor em Geral,Banco B3,NYSE,Tecnologia
CADENCE DESIGN SYSTEMS INC,CDNS,C1DN34,US1273871087,BRC1DNBDR008,1:2,USA,Investidor em Geral,Banco B3,NASDAQ,Tecnologia
CAESARS ENTERTAINMENT INC,CZR,C2ZR34,US12769G1004,BRC2ZRBDR000,1:10,USA,Investidor em Geral,Banco B3,NASDAQ,Entretenimento
CAMDEN PROPERTY TRUST,CPT,C2PT34,US1331311027,BRC2PTBDR007,1:15,USA,Investidor em Geral,Banco B3,NYSE,Financeiro
Campbell Soup Co,CPB,C1PB34,US1344291091,BRC1PBBDR007,1:1,USA,Investidor em Geral,Banco B3,NYSE,"Alimentação, restaurantes"
CANADIAN NATIONAL RAILWAY CO,CNI,CNIC34,CA1363751027,BRCNICBDR007,1:24,CA,Investidor em Geral,Banco B3,NYSE,Industrial
CANADIAN PACIFIC RAILWAY LTD,CP,CPRL34,CA13645T1003,BRCPRLBDR004,1:4,CA,Investidor em Geral,Banco B3,NYSE,Industrial
CAPITAL ONE FINANCIAL CORP,COF,CAON34,US14040H1059,BRCAONBDR009,1:2,USA,Investidor em Geral,Banco B3,NYSE,Financeiro
CAPRI HOLDINGS LTD,CPRI,CAPH34,VGG1890L1076,BRCAPHBDR008,1:1,USA,Investidor em Geral,Banco B3,NYSE,Farmacêutico
CARDINAL HEALTH INC,CAH,C1AH34,US14149Y1082,BRC1AHBDR006,1:1,USA,Investidor em Geral,Banco B3,NYSE,Farmacêutico
CARMAX INC,KMX,K1MX34,US1431301027,BRK1MXBDR008,1:2,USA,Investidor em Geral,Banco B3,NYSE,Automóvel
CARNIVAL CORP,CCL,C1CL34,PA1436583006,BRC1CLBDR004,1:1,PA,Investidor em Geral,Banco B3,NYSE,Transporte Marítimo
CARRIER GLOBAL CORPORATION,CARR,C1RR34,US14448C1045,BRC1RRBDR009,1:4,USA,Investidor em Geral,Banco B3,NYSE,Industrial
CARTERS INC,CRI,CRIN34,US1462291097,BRCRINBDR005,1:2,USA,Investidor em Geral,Banco B3,NYSE,Vestuário
CATERPILLAR INC.,CAT,CATP34,US1491231015,BRCATPBDR003,1:16,USA,Investidor em Geral,Itaú Unibanco,NYSE,Bens Industriais/Máquinas e Equipamentos/Máq. e Equip. Construção e Agrícolas
CBOE GLOBAL MARKETS INC,CBOE,C1BO34,US12503M1080,BRC1BOBDR000,1:2,USA,Investidor em Geral,Banco B3,CBOE,Financeiro
CBRE GROUP INC,CBRE,C1BR34,US12504L1098,BRC1BRBDR003,1:1,USA,Investidor em Geral,Banco B3,NYSE,Financeiro
CDW CORPORATION,CDW,C1DW34,US12514G1085,BRC1DWBDR009,1:20,USA,Investidor em Geral,Banco B3,NASDAQ,Comunicação
CELANESE CORP,CE,C1NS34,US1508701034,BRC1NSBDR006,1:2,USA,Investidor em Geral,Banco B3,NYSE,Materiais básicos
CEMEX SAB DE CV,CX,C2EM34,US1512908898,BRC2EMBDR006,1:1,USA,Investidor em Geral,Banco B3,NYSE,Industrial
CENTENE CORP,CNC,C1NC34,US15135B1017,BRC1NCBDR000,1:1,USA,Investidor em Geral,Banco B3,NYSE,Seguros
CENTERPOINT ENERGY INC,CNP,C1NP34,US15189T1079,BRC1NPBDR002,1:1,USA,Investidor em Geral,Banco B3,NYSE,Utilidades
Cerence Inc,CRNC,C2RN34,US1567271093,BRC2RNBDR006,1:4,USA,Investidor em Geral,Banco B3,NASDAQ GS,Tecnologia
CF INDUSTRIES HOLDINGS INC,CF,C1FI34,US1252691001,BRC1FIBDR003,1:1,USA,Investidor em Geral,Banco B3,NYSE,Materiais básicos
CH ROBINSON WORLDWIDE INC,CHRW,C1HR34,US12541W2098,BRC1HRBDR000,1:20,USA,Investidor em Geral,Banco B3,NASDAQ,Industrial
CHARGEPOINT HOLDINGS INC,CHPT,C2HP34,US15961R1059,BRC2HPBDR002,1:3,USA,Investidor em Geral,Banco B3,NYSE,Industrial
CHARTER COMMUNICATIONS INC,CHTR,CHCM34,US16119P1084,BRCHCMBDR001,1:60,USA,Investidor em Geral,Banco B3,NASDAQ,Comunicação
CHECK POINT SOFTWARE TECHNOLOGIES LTD,CHKP,C1HK34,IL0010824113,BRC1HKBDR005,1:2,IL,Investidor em Geral,Banco B3,NASDAQ,Tecnologia
CHEVRON CORPORATION,CVX,CHVX34,US1667641005,BRCHVXBDR008,1:10,USA,Investidor em Geral,Itaú Unibanco,NYSE,"Petróleo, Gás e Biocombustíveis/Exploração, Refino e Distribuição"
CHIPOTLE MEXICAN GRILL INC,CMG,C1MG34,US1696561059,BRC1MGBDR003,1:20,USA,Investidor em Geral,Banco B3,NYSE,"Alimentação, restaurantes"
CHUBB LTD,CB,C1BL34,CH0044328745,BRC1BLBDR006,1:4,CHE,Investidor em Geral,Banco B3,NYSE,Financeiro
CHUNGHWA TELECOM CO LTD,CHT,C1HT34,US17133Q5027,BRC1HTBDR006,1:4,TW,Investidor em Geral,Banco B3,NYSE,Comunicação
CHURCH & DWIGHT CO INC,CHD,CHDC34,US1713401024,BRCHDCBDR000,1:1,USA,Investidor em Geral,Banco B3,NYSE,Higiene Pessoal
CHURCHILL DOWNS INC,CHDN,C2HD34,US1714841087,BRC2HDBDR008,1:20,USA,Investidor em Geral,Banco B3,NASDAQ,Entretenimento
Cigna Corp,CI,C1IC34,US1255231003,BRC1ICBDR000,1:4,USA,Investidor em Geral,Banco B3,NYSE,Medicina
CINCINNATI FINANCIAL CORP,CINF,CINF34,US1720621010,BRCINFBDR000,1:2,USA,Investidor em Geral,Banco B3,NASDAQ,Financeiro
CINTAS CORP,CTAS,C1TA34,US1729081059,BRC1TABDR001,1:5,USA,Investidor em Geral,Banco B3,NASDAQ,Prestador de Serviços
"CISCO SYSTEMS, INC.",CSCO,CSCO34,US17275R1023,BRCSCOBDR004,1:5,USA,Investidor em Geral,Banco B3,NASDAQ,Tecnologia
CITIGROUP INC.,C,CTGP34,US1729674242,BRCTGPBDR000,1:6,USA,Investidor em Geral,Banco B3,NYSE,Financeiro
CITIZENS FINANCIAL GROUP INC,CFG,C1FG34,US1746101054,BRC1FGBDR007,1:1,USA,Investidor em Geral,Banco B3,NYSE,Financeiro
CLOROX COMPANY,CLX,CLXC34,US1890541097,BRCLXCBDR000,1:4,USA,Investidor em Geral,Banco B3,NYSE,Produtos de consumo não duráveis
CLOUDFLARE INC,NET,N2ET34,US18915M1071,BRN2ETBDR008,1:18,USA,Investidor em Geral,Banco B3,NYSE,Tecnologia
Clover Health Investments Corp,CLOV,CLOV34,KYG8251K1076,BRCLOVBDR009,1:1,USA,Investidor em Geral,Bradesco,NASDAQ,-
CME GROUP INC.,CME,CHME34,US12572Q1058,BRCHMEBDR007,1:4,USA,Investidor em Geral,Banco B3,NASDAQ,Financeiro
CMS ENERGY CORP,CMS,C1MS34,US1258961002,BRC1MSBDR008,1:2,USA,Investidor em Geral,Banco B3,NYSE,Utilidades
COCA-COLA FEMSA SAB DE CV,KOF,C2CA34,US1912411089,BRC2CABDR005,1:5,USA,Investidor em Geral,Banco B3,NYSE,Bebidas
COGNEX CORP,CGNX,C2GN34,US1924221039,BRC2GNBDR009,1:8,USA,Investidor em Geral,Banco B3,NASDAQ,Industrial
COGNIZANT TECHNOLOGY SOLUTIONS,CTSH,CTSH34,US1924461023,BRCTSHBDR002,1:1,USA,Investidor em Geral,Banco B3,NASDAQ,Tecnologia
COINBASE GLOBAL INC,COIN,C2OI34,US19260Q1076,BRC2OIBDR003,1:25,USA,Investidor em Geral,Banco B3,NASDAQ,Financeiro
COLGATE-PALMOLIVE COMPANY,CL,COLG34,US1941621039,BRCOLGBDR000,1:7,USA,Investidor em Geral,Itaú Unibanco,NYSE,Consumo não Cíclico/Produtos de Uso Pessoal e de Limpeza/Produtos de Uso Pessoal
Columbia Sportswear Co,COLM,C2SW34,US1985161066,BRC2SWBDR005,1:10,USA,Investidor em Geral,Banco B3,NASDAQ GS,Vestuário
COMCAST CORPORATION,CMCSA,CMCS34,US20030N1019,BRCMCSBDR008,1:5,USA,Investidor em Geral,Banco B3,NASDAQ,Entretenimento
COMERICA INC,CMA,C1MA34,US2003401070,BRC1MABDR006,1:2,USA,Investidor em Geral,Banco B3,NYSE,Financeiro
CONAGRA BRANDS INC,CAG,C1AG34,US2058871029,BRC1AGBDR008,1:1,USA,Investidor em Geral,Banco B3,NYSE,"Alimentação, restaurantes"
CONOCOPHILLIPS,COP,COPH34,US20825C1045,BRCOPHBDR009,1:12,USA,Investidor em Geral,Banco B3,NYSE,Petróleo
Consolidated Edison Inc,ED,E1DI34,US2091151041,BRE1DIBDR006,1:2,USA,Investidor em Geral,Banco B3,NYSE,Utilidades
CONSTELLATION BRANDS INC,STZ,STZB34,US21036P1084,BRSTZBBDR006,1:4,USA,Investidor em Geral,Banco B3,NYSE,Bebidas
COOPER COMPANIES INC,COO,C1OO34,US2166484020,BRC1OOBDR003,1:10,USA,Investidor em Geral,Banco B3,NYSE,Equipamentos Médicos
COPART INC,CPRT,C1PR34,US2172041061,BRC1PRBDR003,1:2,USA,Investidor em Geral,Banco B3,NASDAQ,Automóvel
CORNING INC,GLW,G1LW34,US2193501051,BRG1LWBDR008,1:1,USA,Investidor em Geral,Banco B3,NYSE,Comunicação
CORTEVA INC,CTVA,C1TV34,US22052L1044,BRC1TVBDR007,1:4,USA,Investidor em Geral,Banco B3,NYSE,Biotecnologia
COSTAR GROUP INC,CSGP,C1GP34,US22160N1090,BRC1GPBDR006,1:100,USA,Investidor em Geral,Banco B3,NASDAQ,Prestador de Serviços
COSTCO WHOLESALE CORPORATION,COST,COWC34,US22160K1051,BRCOWCBDR006,1:40,USA,Investidor em Geral,Banco B3,NASDAQ,Comércio
COTERRA ENERGY INC.,CTRA,C1OG34,US1270971039,BRC1OGBDR009,1:1,USA,Investidor em Geral,Banco B3,NYSE,Energia
"COTY, INC.",COTY,COTY34,US2220702037,BRCOTYBDR006,1:2,USA,Investidor em Geral,Banco B3,NYSE,Beleza
Coursera Inc,COUR,C2OU34,US22266M1045,BRC2OUBDR008,1:2,USA,Investidor em Geral,Banco B3,NYSE,Prestador de Serviços
COUSINS PROPERTIES INC,CUZ,C2PR34,US2227955026,BRC2PRBDR001,1:4,USA,Investidor em Geral,Banco B3,NYSE,Financeiro
CREDICORP LTD,BAP,B2AP34,BMG2519Y1084,BRB2APBDR008,1:12,BER,Investidor em Geral,Banco B3,NYSE,Financeiro
CREDIT ACCEPTANCE CORP,CACC,CRDA34,US2253101016,BRCRDABDR003,1:10,USA,Investidor em Geral,Banco B3,NASDAQ,Financeiro
CREDIT SUISSE GROUP AG,CS,C1SU34,US2254011081,BRC1SUBDR001,1:2,CHE,Investidor em Geral,Banco B3,NYSE,Financeiro
CRH PLC,CRH,CRHP34,US12626K2033,BRCRHPBDR002,1:1,IE,Investidor em Geral,Banco B3,NYSE,Industrial
CRISPR THERAPEUTICS AG,CRSP,C2RS34,CH0334081137,BRC2RSBDR005,1:8,CHE,Investidor em Geral,Banco B3,NASDAQ,"Pacífico Asiático, Ex Japão"
CROWDSTRIKE HOLDINGS INC,CRWD,C2RW34,US22788C1053,BRC2RWBDR007,1:22,USA,Investidor em Geral,Banco B3,NASDAQ,Tecnologia
CROWN CASTLE INC.,CCI,C1CI34,US22822V1017,BRC1CIBDR000,1:4,USA,Investidor em Geral,Banco B3,NYSE,Financeiro
CSX CORP,CSX,CSXC34,US1264081035,BRCSXCBDR005,1:2,USA,Investidor em Geral,Banco B3,NASDAQ,Industrial
CUMMINS INC,CMI,C1MI34,US2310211063,BRC1MIBDR009,1:4,USA,Investidor em Geral,Banco B3,NYSE,Industrial
CVS HEALTH CORPORATION,CVS,CVSH34,US1266501006,BRCVSHBDR008,1:10,USA,Investidor em Geral,Banco B3,NYSE,Farmacêutico
DANAHER CORPORATION,DHR,DHER34,US2358511028,BRDHERBDR004,1:28,USA,Investidor em Geral,Banco B3,NYSE,Industrial
DARDEN RESTAURANTS INC,DRI,D1RI34,US2371941053,BRD1RIBDR007,1:4,USA,Investidor em Geral,Banco B3,NYSE,"Alimentação, restaurantes"
DARLING INGREDIENTS INC,DAR,D2AR34,US2372661015,BRD2ARBDR002,1:8,USA,Investidor em Geral,Banco B3,NYSE,"Alimentação, restaurantes"
DATADOG INC,DDOG,D1DG34,US23804L1035,BRD1DGBDR001,1:10,USA,Investidor em Geral,Banco B3,NASDAQ,Tecnologia
DAVITA INC,DVA,DVAI34,US23918K1088,BRDVAIBDR002,1:1,USA,Investidor em Geral,Banco B3,NYSE,Medicina
DEERE & CO,DE,DEEC34,US2441991054,BRDEECBDR003,1:30,USA,Investidor em Geral,Banco B3,NYSE,Industrial
DELL TECHNOLOGIES INC,DELL,D1EL34,US24703L2025,BRD1ELBDR009,1:1,USA,Investidor em Geral,Banco B3,NYSE,Tecnologia
"DELTA AIR LINES, INC.",DAL,DEAI34,US2473617023,BRDEAIBDR008,1:1,USA,Investidor em Geral,Banco B3,NYSE,Aviação
DENALI THERAPEUTICS INC,DNLI,D2NL34,US24823R1059,BRD2NLBDR008,1:5,USA,Investidor em Geral,Banco B3,NASDAQ,"Pacífico Asiático, Ex Japão"
DENTSPLY SIRONA INC,XRAY,XRAY34,US24906P1093,BRXRAYBDR005,1:1,USA,Investidor em Geral,Banco B3,NASDAQ,Higiene dental
DEUTSCHE BANK AKTIENGESELLSCHAFT,DB,DBAG34,DE0005140008,BRDBAGBDR008,1:1,USA,Investidor em Geral,Banco B3,NYSE,Financeiro
DEVON ENERGY CORP,DVN,D1VN34,US25179M1036,BRD1VNBDR009,1:1,USA,Investidor em Geral,Banco B3,NYSE,Energia
DEXCOM INC,DXCM,D1EX34,US2521311074,BRD1EXBDR004,1:50,USA,Investidor em Geral,Banco B3,NASDAQ,Farmacêutico
DIAGEO PLC,DEO,DEOP34,US25243Q2057,BRDEOPBDR004,1:18,GBR,Investidor em Geral,Banco B3,NYSE,Bebidas
Diamondback Energy Inc,FANG,F1AN34,US25278X1090,BRF1ANBDR001,1:2,USA,Investidor em Geral,Banco B3,NASDAQ,Energia
Dick's Sporting Goods Inc,DKS,D2KS34,US2533931026,BRD2KSBDR009,1:10,USA,Investidor em Geral,Banco B3,NYSE,Lojas de departamento
DIGITAL REALTY TRUST INC,DLR,D1LR34,US2538681030,BRD1LRBDR001,1:4,USA,Investidor em Geral,Banco B3,NYSE,Financeiro
Discover Financial Services,DFS,D1FS34,US2547091080,BRD1FSBDR001,1:2,USA,Investidor em Geral,Banco B3,NYSE,Financeiro
DISH NETWORK CORP,DISH,D1IS34,US25470M1099,BRD1ISBDR005,1:1,USA,Investidor em Geral,Banco B3,NASDAQ,Comunicação
DOCUSIGN INC,DOCU,D1OC34,US2561631068,BRD1OCBDR007,1:20,USA,Investidor em Geral,Banco B3,NASDAQ,Tecnologia
DOLLAR GENERAL CORP,DG,DGCO34,US2566771059,BRDGCOBDR007,1:24,USA,Investidor em Geral,Banco B3,NYSE,Lojas de departamento
DOLLAR TREE INC,DLTR,DLTR34,US2567461080,BRDLTRBDR004,1:2,USA,Investidor em Geral,Banco B3,NASDAQ,Lojas de departamento
DOMINION ENERGY INC,D,D1OM34,US25746U1097,BRD1OMBDR006,1:2,USA,Investidor em Geral,Banco B3,NYSE,Utilidades
Domino s Pizza Inc,DPZ,D2PZ34,US25754A2015,BRD2PZBDR003,1:50,USA,Investidor em Geral,Banco B3,NYSE,"Alimentação, restaurantes"
DoorDash Inc,DASH,D2AS34,US25809K1051,BRD2ASBDR000,1:15,USA,Investidor em Geral,Banco B3,NYSE,Comunicação
DOVER CORP,DOV,D1OV34,US2600031080,BRD1OVBDR007,1:2,USA,Investidor em Geral,Banco B3,NYSE,Industrial
DOW INC,DOW,D1OW34,US2605571031,BRD1OWBDR005,1:4,USA,Investidor em Geral,Banco B3,NYSE,Utilidades
DOXIMITY INC,DOCS,D2OC34,US26622P1075,BRD2OCBDR005,1:6,USA,Investidor em Geral,Banco B3,NYSE,Tecnologia
DR HORTON INC,DHI,D1HI34,US23331A1097,BRD1HIBDR008,1:1,USA,Investidor em Geral,Banco B3,NYSE,Construção
DR REDDYS LABORATORIES LTD,RDY,R1DY34,US2561352038,BRR1DYBDR008,1:6,IN,Investidor em Geral,Banco B3,NYSE,Farmacêutico
DRAFTKINGS INC,DKNG,D2KN34,US26142V1052,BRD2KNBDR000,1:6,USA,Investidor em Geral,Banco B3,NASDAQ,Entretenimento
DTE ENERGY CO,DTE,D1TE34,US2333311072,BRD1TEBDR002,1:4,USA,Investidor em Geral,Banco B3,NYSE,Utilidades
DUKE ENERGY CORPORATION,DUK,DUKB34,US26441C2044,BRDUKBBDR008,1:1,USA,Investidor em Geral,Bradesco,NYSE,Utilidade Pública/Energia Elétrica
DUPONT DE NEMOURS INC.,DD,DDNB34,US26614N1028,BRDDNBBDR008,1:1,USA,Investidor em Geral,Bradesco,NYSE,Financeiro e Outros/Holdings Diversificadas
DXC TECHNOLOGY CO,DXC,D1XC34,US23355L1061,BRD1XCBDR008,1:1,USA,Investidor em Geral,Banco B3,NYSE,Tecnologia
DYNATRACE INC,DT,D2TC34,US2681501092,BRD2TCBDR004,1:8,USA,Investidor em Geral,Banco B3,NYSE,Tecnologia
EASTMAN CHEMICAL CO,EMN,E1MN34,US2774321002,BRE1MNBDR007,1:2,USA,Investidor em Geral,Banco B3,NYSE,Materiais básicos
Eaton Corp PLC,ETN,E1TN34,IE00B8KQN827,BRE1TNBDR002,1:14,IE,Investidor em Geral,Banco B3,NYSE,Industrial
EBAY INC.,EBAY,EBAY34,US2786421030,BREBAYBDR009,1:2,USA,Investidor em Geral,Banco B3,NASDAQ,Comércio Eletrônico
ECOLAB INC,ECL,E1CL34,US2788651006,BRE1CLBDR002,1:4,USA,Investidor em Geral,Banco B3,NYSE,Materiais básicos
ECOPETROL SA,EC,E1CO34,US2791581091,BRE1COBDR006,1:2,CO,Investidor em Geral,Banco B3,NYSE,Energia
EDISON INTERNATIONAL,EIX,E1IX34,US2810201077,BRE1IXBDR004,1:2,USA,Investidor em Geral,Banco B3,NYSE,Utilidades
EDWARDS LIFESCIENCES CORP,EW,E1WL34,US28176E1082,BRE1WLBDR000,1:4,USA,Investidor em Geral,Banco B3,NYSE,Equipamentos Médicos
Elastic NV,ESTC,E2ST34,NL0013056914,BRE2STBDR009,1:12,NL,Investidor em Geral,Banco B3,NYSE,Tecnologia
ELECTRONIC ARTS INC,EA,EAIN34,US2855121099,BREAINBDR007,1:2,USA,Investidor em Geral,Banco B3,NASDAQ,Tecnologia
"ELEVANCE HEALTH, INC.",ELV,E1LV34,US0367521038,BRE1LVBDR002,1:5,USA,Investidor em Geral,Banco B3,NYSE,Seguros
ELI LILLY AND COMPANY,LLY,LILY34,US5324571083,BRLILYBDR006,1:30,USA,Investidor em Geral,Banco B3,NYSE,Farmacêutico
Emerson Electric Co,EMR,E1MR34,US2910111044,BRE1MRBDR008,1:1,USA,Investidor em Geral,Banco B3,NYSE,Industrial
ENCOMPASS HEALTH CORP,EHC,E2HC34,US29261A1007,BRE2HCBDR008,1:5,USA,Investidor em Geral,Banco B3,NYSE,Farmacêutico
Enovis Corporation,ENOV,E2NO34,US1940145022,BRE2NOBDR001,1:4,USA,Investidor em Geral,Banco B3,NYSE,Industrial
ENPHASE ENERGY INC,ENPH,E2NP34,US29355A1079,BRE2NPBDR008,1:25,USA,Investidor em Geral,Banco B3,NASDAQ,Energia
ENTEGRIS INC,ENTG,E2NT34,US29362U1043,BRE2NTBDR000,1:18,USA,Investidor em Geral,Banco B3,NASDAQ,Tecnologia
Entergy Corp,ETR,E1TR34,US29364G1031,BRE1TRBDR003,1:2,USA,Investidor em Geral,Banco B3,NYSE,Utilidades
EOG RESOURCES INC,EOG,E1OG34,US26875P1012,BRE1OGBDR007,1:2,USA,Investidor em Geral,Banco B3,NYSE,Energia
EPAM SYSTEMS INC,EPAM,E2PA34,US29414B1044,BRE2PABDR005,1:60,USA,Investidor em Geral,Banco B3,NYSE,Tecnologia
EQUINIX INC,EQIX,EQIX34,US29444U7000,BREQIXBDR002,1:80,USA,Investidor em Geral,Banco B3,NASDAQ,Financeiro
EQUINOR ASA,EQNR,E1QN34,US29446M1027,BRE1QNBDR008,1:2,NO,Investidor em Geral,Banco B3,NYSE,Energia
EQUITY LIFESTYLE PROPERTIES INC,ELS,E2LS34,US29472R1086,BRE2LSBDR006,1:10,USA,Investidor em Geral,Banco B3,NYSE,Financeiro
EQUITY RESIDENTIAL,EQR,E1QR34,US29476L1070,BRE1QRBDR009,1:2,USA,Investidor em Geral,Banco B3,NYSE,Financeiro
ERICSSON LM TELEPHONE CO,ERIC,E1RI34,US2948216088,BRE1RIBDR006,1:2,SE,Investidor em Geral,Banco B3,NASDAQ,Comunicação
ESSEX PROPERTY TRUST INC,ESS,E1SS34,US2971781057,BRE1SSBDR003,1:10,USA,Investidor em Geral,Banco B3,NYSE,Financeiro
ESTEE LAUDER COMPANIES INC,EL,ELCI34,US5184391044,BRELCIBDR007,1:24,USA,Investidor em Geral,Banco B3,NYSE,Higiene Pessoal
Etsy Inc,ETSY,E2TS34,US29786A1060,BRE2TSBDR009,1:15,USA,Investidor em Geral,Banco B3,NASDAQ,Comunicação
Euronet Worldwide Inc,EEFT,E2EF34,US2987361092,BRE2EFBDR008,1:150,USA,Investidor em Geral,Banco B3,NASDAQ,Financeiro e Outros/Serviços Financeiros Diversos
EVEREST RE GROUP LTD,RE,E1VE34,BMG3223R1088,BRE1VEBDR007,1:4,BM,Investidor em Geral,Banco B3,NYSE,Financeiro
EVERGY INC,EVRG,E1VR34,US30034W1062,BRE1VRBDR009,1:2,USA,Investidor em Geral,Banco B3,NYSE,Utilidades
EVERSOURCE ENERGY,ES,E1SE34,US30040W1080,BRE1SEBDR003,1:2,USA,Investidor em Geral,Banco B3,NYSE,Utilidades
EXACT SCIENCES CORP,EXAS,E2XA34,US30063P1057,BRE2XABDR009,1:10,USA,Investidor em Geral,Banco B3,NASDAQ,"Pacífico Asiático, Ex Japão"
EXELIXIS INC,EXEL,E2XE34,US30161Q1040,BRE2XEBDR001,1:2,USA,Investidor em Geral,Banco B3,NASDAQ,"Pacífico Asiático, Ex Japão"
EXELON CORP,EXC,E1XC34,US30161N1019,BRE1XCBDR007,1:1,USA,Investidor em Geral,Banco B3,NASDAQ,Utilidades
EXP WORLD HOLDINGS INC,EXPI,E2XP34,US30212W1009,BRE2XPBDR007,1:4,USA,Investidor em Geral,Banco B3,NASDAQ,Financeiro
EXPEDIA GROUP INC,EXPE,EXGR34,US30212P3038,BREXGRBDR004,1:2,USA,Investidor em Geral,Banco B3,NASDAQ,Comunicação
EXPEDITORS INTERNATIONAL OF WASHINGTON INC,EXPD,E1XP34,US3021301094,BRE1XPBDR009,1:2,USA,Investidor em Geral,Banco B3,NASDAQ,Industrial
Experian,EXPN,EPER34,GB00B19NLV48,BREPERBDR005,1:500,UK,Investidor em Geral,Bradesco,LSE,-
EXTRA SPACE STORAGE INC,EXR,E1XR34,US30225T1025,BRE1XRBDR005,1:4,USA,Investidor em Geral,Banco B3,NYSE,Financeiro
EXXON MOBIL CORPORATION,XOM,EXXO34,US30231G1022,BREXXOBDR006,1:8,USA,Investidor em Geral,Banco B3,NYSE,Petróleo
"F5, INC.",FFIV,F1FI34,US3156161024,BRF1FIBDR000,1:4,USA,Investidor em Geral,Banco B3,NASDAQ,Comunicação
FAIR ISAAC CORP,FICO,F2IC34,US3032501047,BRF2ICBDR005,1:45,USA,Investidor em Geral,Banco B3,NYSE,Tecnologia
FASTENAL CO,FAST,FASL34,US3119001044,BRFASLBDR007,1:1,USA,Investidor em Geral,Banco B3,NASDAQ,Comércio e Distribuição
FASTLY INC,FSLY,F1SL34,US31188V1008,BRF1SLBDR007,1:10,USA,Investidor em Geral,Banco B3,NYSE,Tecnologia
FEDEX CORPORATION,FDX,FDXB34,US31428X1063,BRFDXBBDR002,1:1,USA,Investidor em Geral,Bradesco,NYSE,Bens Industriais/Transporte/Transporte Rodoviário
FIDELITY NATIONAL INFORMATION SERVICES INC,FIS,F1NI34,US31620M1062,BRF1NIBDR004,1:16,USA,Investidor em Geral,Banco B3,NYSE,Tecnologia
FIFTH THIRD BANCORP,FITB,FFTD34,US3167731005,BRFFTDBDR001,1:1,USA,Investidor em Geral,Banco B3,NASDAQ,Financeiro
FIRST INDUSTRIAL REALTY TRUST INC,FR,F2RT34,US32054K1034,BRF2RTBDR000,1:8,USA,Investidor em Geral,Banco B3,NYSE,Financeiro
"FIRST SOLAR, INC",FSLR,FSLR34,US3364331070,BRFSLRBDR001,1:2,USA,Investidor em Geral,Banco B3,NASDAQ,Energia
FIRSTENERGY CORP,FE,F1EC34,US3379321074,BRF1ECBDR006,1:1,USA,Investidor em Geral,Banco B3,NYSE,Utilidades
FISERV INC,FISV,F1IS34,US3377381088,BRF1ISBDR003,1:2,USA,Investidor em Geral,Banco B3,NASDAQ,Tecnologia
FISKER INC,FSR,F2SK34,US33813J1060,BRF2SKBDR007,1:2,USA,Investidor em Geral,Banco B3,NYSE,Automóvel
FIVE9 INC,FIVN,F2IV34,US3383071012,BRF2IVBDR005,1:15,USA,Investidor em Geral,Banco B3,NASDAQ,Tecnologia
Fiverr International Ltd,FVRR,F2VR34,IL0011582033,BRF2VRBDR006,1:20,IL,Investidor em Geral,Banco B3,NYSE,Comunicação
FLEETCOR TECHNOLOGIES INC,FLT,FLTC34,US3390411052,BRFLTCBDR001,1:4,USA,Investidor em Geral,Banco B3,NYSE,Financeiro
FLOWSERVE CORP,FLS,F1LS34,US34354P1057,BRF1LSBDR007,1:1,USA,Investidor em Geral,Banco B3,NYSE,Industrial
FMC CORP,FMC,F1MC34,US3024913036,BRF1MCBDR009,1:2,USA,Investidor em Geral,Banco B3,NYSE,Materiais básicos
FOMENTO ECONOMICO MEXICANO SAB DE CV - FEMSA,FMX,FMXB34,US3444191064,BRFMXBBDR003,1:1,USA,Investidor em Geral,Bradesco,NYSE,Consumo não Cíclico/Bebidas/Cervejas e Refrigerantes
FORD MOTORS COMPANY,F,FDMO34,US3453708600,BRFDMOBDR008,1:1,USA,Investidor em Geral,Banco B3,NYSE,Automóvel
Fortinet Inc,FTNT,F1TN34,US34959E1091,BRF1TNBDR001,1:2,USA,Investidor em Geral,Banco B3,NASDAQ,Tecnologia
Fortive Corp,FTV,F1TV34,US34959J1088,BRF1TVBDR004,1:2,USA,Investidor em Geral,Banco B3,NYSE,Industrial
Fortune Brands Home & Security Inc,FBIN,F1BH34,US34964C1062,BRF1BHBDR001,1:1,USA,Investidor em Geral,Banco B3,NYSE,Industrial
FOX CORPORATION,FOXA,FOXC34,US35137L1052,BRFOXCBDR007,1:1,USA,Investidor em Geral,Banco B3,NASDAQ,Comunicação
Franco-Nevada Corp,FNV,F2NV34,CA3518581051,BRF2NVBDR005,1:180,CA,Investidor em Geral,Banco B3,NYSE,Agência Governamental - Pequeno Prazo
FRANKLIN RESOURCES INC,BEN,F1RA34,US3546131018,BRF1RABDR002,1:1,USA,Investidor em Geral,Banco B3,NYSE,Financeiro
FREEPORT-MCMORAN INC.,FCX,FCXO34,US35671D8570,BRFCXOBDR007,1:3,USA,Investidor em Geral,Banco B3,NYSE,Mineradora
FRESENIUS MEDICAL CARE AG & CO KGAA,FMS,FMSC34,US3580291066,BRFMSCBDR001,1:1,DE,Investidor em Geral,Banco B3,NYSE,Medicina
FRESHWORKS INC,FRSH,F2RS34,US3580541049,BRF2RSBDR002,1:3,USA,Investidor em Geral,Banco B3,NASDAQ,Tecnologia
G2D Investments Ltd,G2DI,G2DI33,BRG2DIBDR002,BRG2DIBDR002,1:1,BM,Investidor em Geral,Bradesco,B3,Financeiro e Outros/Serviços Financeiros/Gestão de Recursos e Investimentos
GALAPAGOS NV,GLPG,G1LP34,US36315X1019,BRG1LPBDR002,1:20,BE,Investidor em Geral,Banco B3,NASDAQ,Farmacêutico
GARMIN LTD,GRMN,G1RM34,CH0114405324,BRG1RMBDR006,1:2,CHE,Investidor em Geral,Banco B3,NASDAQ,Industrial
GARTNER INC,IT,G1AR34,US3666511072,BRG1ARBDR001,1:4,USA,Investidor em Geral,Banco B3,NYSE,Pesquisas
GDS HOLDINGS LTD,GDS,G1DS34,US36165L1089,BRG1DSBDR003,1:10,CN,Investidor em Geral,Banco B3,NASDAQ,Comunicação
Gen Digital Inc,GEN,S1YM34,US6687711084,BRS1YMBDR008,1:1,USA,Investidor em Geral,Banco B3,NASDAQ,Comunicação
GENERAL DYNAMICS CORP.,GD,GDBR34,US3695501086,BRGDBRBDR002,1:1,USA,Investidor em Geral,Bradesco,NYSE,Bens Industriais/Material de Transporte/Material Aeronáutico e de Defesa
GENERAL ELECTRIC COMPANY,GE,GEOO34,US3696043013,BRGEOOBDR000,1:1,USA,Investidor em Geral,Banco B3,NYSE,Conglomerado
General Mills Inc,GIS,G1MI34,US3703341046,BRG1MIBDR005,1:1,USA,Investidor em Geral,Banco B3,NYSE,"Alimentação, restaurantes"
GENERAL MOTORS COMPANY,GM,GMCO34,US37045V1008,BRGMCOBDR008,1:4,USA,Investidor em Geral,Banco B3,NYSE,Automóvel
GENTEX CORP,GNTX,G2NT34,US3719011096,BRG2NTBDR008,1:4,USA,Investidor em Geral,Banco B3,NASDAQ,Auto peças
GENUINE PARTS CO,GPC,G1PC34,US3724601055,BRG1PCBDR001,1:2,USA,Investidor em Geral,Banco B3,NYSE,Auto peças
GEOPARK LTD,GPRK,GPRK34,BMG383271050,BRGPRKBDR007,1:1,CL,Investidor em Geral,Banco B3,NYSE,Energia
"GILEAD SCIENCES, INC.",GILD,GILD34,US3755581036,BRGILDBDR000,1:2,USA,Investidor em Geral,Banco B3,NASDAQ,Farmacêutico
Glencore,GLEN,GLEN34,JE00B4T3BW64,BRGLENBDR008,1:50,UK,Investidor em Geral,Bradesco,LSE,-
Global Payments Inc,GPN,G1PI34,US37940X1028,BRG1PIBDR008,1:4,USA,Investidor em Geral,Banco B3,NYSE,Financeiro
GLOBE LIFE INC,GL,G1LL34,US37959E1029,BRG1LLBDR001,1:20,USA,Investidor em Geral,Banco B3,NYSE,Financeiro
Globus Medical Inc,GMED,G2ME34,US3795772082,BRG2MEBDR002,1:8,USA,Investidor em Geral,Banco B3,NYSE,Saúde e Biotecnologia
GoDaddy Inc,GDDY,G2DD34,US3802371076,BRG2DDBDR003,1:10,USA,Investidor em Geral,Banco B3,NYSE,Comunicação
GOLD FIELDS LTD,GFI,G1FI34,US38059T1060,BRG1FIBDR009,1:2,ZAF,Investidor em Geral,Banco B3,NYSE,Mineradora
GOLDMAN SACHS GROUP INC.,GS,GSGI34,US38141G1040,BRGSGIBDR008,1:30,USA,Investidor em Geral,Banco B3,NYSE,Financeiro
"GOPRO, INC.",GPRO,GPRO34,US38268T1034,BRGPROBDR009,1:1,USA,Investidor em Geral,Banco B3,NASDAQ,Tecnologia
"GP INVESTMENTS, LTD.",-,GPIV33,BRGPIVBDR003,BRGPIVBDR003,1:1,BM,Investidor em Geral,Itaú Unibanco,B3,Financeiro e Outros/Serviços Financeiros/Gestão de Recursos e Investimentos
GRUPO AEROPORTUARIO DEL PACIFICO SAB DE CV,PAC,P2CF34,US4005061019,BRP2CFBDR009,1:144,USA,Investidor em Geral,Banco B3,NYSE,Industrial
GRUPO AEROPORTUARIO DEL SURESTE SAB DE CV,ASR,S2RE34,US40051E2028,BRS2REBDR007,1:20,USA,Investidor em Geral,Banco B3,NYSE,Industrial
GSK PLC.,GSK,G1SK34,US37733W2044,BRG1SKBDR008,1:5,GBR,Investidor em Geral,Banco B3,NYSE,Farmacêutico
GUIDEWIRE SOFTWARE INC,GWRE,G2WR34,US40171V1008,BRG2WRBDR003,1:12,USA,Investidor em Geral,Banco B3,NYSE,Tecnologia
H World Group Limited,HTHT,H1TH34,US44332N1063,BRH1THBDR001,1:4,CN,Investidor em Geral,Banco B3,NASDAQ,Hotelaria
H&R BLOCK INC,HRB,H1RB34,US0936711052,BRH1RBBDR008,1:1,USA,Investidor em Geral,Banco B3,NYSE,Consultoria
HALLIBURTON COMPANY,HAL,HALI34,US4062161017,BRHALIBDR004,1:1,USA,Investidor em Geral,Banco B3,NYSE,Petróleo
Hanesbrands Inc,HBI,H1BI34,US4103451021,BRH1BIBDR007,1:1,USA,Investidor em Geral,Banco B3,NYSE,Vestuário
HANOVER INSURANCE GROUP INC,THG,THGI34,US4108671052,BRTHGIBDR004,1:2,USA,Investidor em Geral,Banco B3,NYSE,Financeiro
HARLEY-DAVIDSON INC,HOG,H1OG34,US4128221086,BRH1OGBDR004,1:1,USA,Investidor em Geral,Banco B3,NYSE,Motocicletas
HARTFORD FINANCIAL SERVICES GROUP INC,HIG,H1IG34,US4165151048,BRH1IGBDR006,1:1,USA,Investidor em Geral,Banco B3,NYSE,Financeiro
Hasbro Inc,HAS,H1AS34,US4180561072,BRH1ASBDR008,1:2,USA,Investidor em Geral,Banco B3,NASDAQ,Fabricante de Brinquedos
HCA HEALTHCARE INC,HCA,H1CA34,US40412C1018,BRH1CABDR002,1:20,USA,Investidor em Geral,Banco B3,NYSE,Equipamentos Médicos
HDFC BANK LTD,HDB,H1DB34,US40415F1012,BRH1DBBDR008,1:5,IN,Investidor em Geral,Banco B3,NYSE,Financeiro
Healthcare Realty Trust Incorporated,HR,H2TA34,US42226K1051,BRH2TABDR004,1:4,USA,Investidor em Geral,Banco B3,NYSE,Financeiro
Healthpeak Properties Inc,PEAK,P1EA34,US42250P1030,BRP1EABDR008,1:1,USA,Investidor em Geral,Banco B3,NYSE,Financeiro
HEICO CORPORATION,HEI,H1EI34,US4228061093,BRH1EIBDR001,1:10,USA,Investidor em Geral,Banco B3,NYSE,Aeroespacial
HEINEKEN,HEIA,HEIA34,NL0000009165,BRHEIABDR009,1:10,NL,Investidor em Geral,Bradesco,Euronext,-
HEINEKEN HOLDING NV,HEIO,HEIO34,NL0000008977,BRHEIOBDR000,1:10,NL,Investidor em Geral,Bradesco,Euronext,-
HENRY SCHEIN INC,HSIC,H1SI34,US8064071025,BRH1SIBDR001,1:2,USA,Investidor em Geral,Banco B3,NASDAQ,Assistência Médica
Hess Corp,HES,H1ES34,US42809H1077,BRH1ESBDR000,1:2,USA,Investidor em Geral,Banco B3,NYSE,Energia
HEWLETT PACKARD ENTERPRISE CO,HPE,H1PE34,US42824C1099,BRH1PEBDR006,1:1,USA,Investidor em Geral,Banco B3,NYSE,Tecnologia
HEWLETT-PACKARD COMPANY,HPQB,HPQB34,US4282361033,BRHPQBBDR006,1:1,USA,Investidor em Geral,Bradesco,NYSE,Tecnologia da Informação/Computadores e Equipamentos
HF Sinclair Corporation,DINO,H1FC34,US4039491000,BRH1FCBDR001,1:1,USA,Investidor em Geral,Banco B3,NYSE,Energia
HILTON WORLDWIDE HOLDINGS INC,HLT,H1LT34,US43300A2033,BRH1LTBDR003,1:24,USA,Investidor em Geral,Banco B3,NYSE,Hotelaria
HOLOGIC INC,HOLX,H1OL34,US4364401012,BRH1OLBDR004,1:1,USA,Investidor em Geral,Banco B3,NASDAQ,Equipamentos Médicos
HONDA MOTOR CO LTD,HMC,HOND34,US4381283088,BRHONDBDR002,1:1,JP,Investidor em Geral,Banco B3,NYSE,Automóvel
HONEYWELL INTERNATIONAL INC.,HON,HONB34,US4385161066,BRHONBBDR006,1:1,USA,Investidor em Geral,Bradesco,NYSE,Financeiro e Outros/Holdings Diversificadas
HORMEL FOODS CORP,HRL,H1RL34,US4404521001,BRH1RLBDR007,1:1,USA,Investidor em Geral,Banco B3,NYSE,"Alimentação, restaurantes"
HOST HOTELS & RESORTS INC,HST,H1ST34,US44107P1049,BRH1STBDR008,1:1,USA,Investidor em Geral,Banco B3,NYSE,Financeiro
HOWMET AEROSPACE INC.,HWM,ARNC34,US4432011082,BRARNCBDR002,1:1,USA,Investidor em Geral,Banco B3,NYSE,Aeroespacial
HSBC HOLDINGS PLC,HSBC,H1SB34,US4042804066,BRH1SBBDR006,1:4,GBR,Investidor em Geral,Banco B3,NYSE,Financeiro
HubSpot Inc,HUBS,H2UB34,US4435731009,BRH2UBBDR000,1:50,USA,Investidor em Geral,Banco B3,NYSE,Tecnologia
HUMANA INC,HUM,H1UM34,US4448591028,BRH1UMBDR009,1:45,USA,Investidor em Geral,Banco B3,NYSE,Seguros
HUNTINGTON BANCSHARES INC,HBAN,H1BA34,US4461501045,BRH1BABDR004,1:1,USA,Investidor em Geral,Banco B3,NASDAQ,Financeiro
HUNTINGTON INGALLS INDUSTRIES INC,HII,H1II34,US4464131063,BRH1IIBDR002,1:76,USA,Investidor em Geral,Banco B3,NYSE,Industrial
IAC INTERACTIVECORPORATION,IAC,I1AC34,US44891N2080,BRI1ACBDR001,1:20,USA,Investidor em Geral,Banco B3,NASDAQ,Comunicação
ICICI BANK LTD,IBN,I1BN34,US45104G1040,BRI1BNBDR006,1:1,IN,Investidor em Geral,Banco B3,NYSE,Financeiro
ICU MEDICAL INC,ICUI,I2CM34,US44930G1076,BRI2CMBDR004,1:16,USA,Investidor em Geral,Banco B3,NASDAQ GS,Medicina
IDEX CORPORATION,IEX,I1EX34,US45167R1041,BRI1EXBDR009,1:20,USA,Investidor em Geral,Banco B3,NYSE,Industrial
IDEXX LABORATORIES INC,IDXX,I1DX34,US45168D1046,BRI1DXBDR001,1:5,USA,Investidor em Geral,Banco B3,NASDAQ,Equipamentos Veterinários
ILLINOIS TOOL WORKS INC,ITW,I1TW34,US4523081093,BRI1TWBDR009,1:4,USA,Investidor em Geral,Banco B3,NYSE,Industrial
ILLUMINA INC,ILMN,I1LM34,US4523271090,BRI1LMBDR007,1:5,USA,Investidor em Geral,Banco B3,NASDAQ,Medicina
Inari Medical Inc,NARI,N2AR34,US45332Y1091,BRN2ARBDR000,1:8,USA,Investidor em Geral,Banco B3,NASDAQ GS,Saúde e Biotecnologia
INCYTE CORP,INCY,I1NC34,US45337C1027,BRI1NCBDR004,1:2,USA,Investidor em Geral,Banco B3,NASDAQ,Farmacêutico
indie Semiconductor Inc,INDI,I2ND34,US45569U1016,BRI2NDBDR000,1:1,USA,Investidor em Geral,Banco B3,NASDAQ GS,Auto peças
INFOSYS LTD,INFY,I1FO34,US4567881085,BRI1FOBDR005,1:2,IN,Investidor em Geral,Banco B3,NYSE,Tecnologia
ING GROEP NV,ING,INGG34,US4568371037,BRINGGBDR009,1:1,NL,Investidor em Geral,Banco B3,NYSE,Financeiro
INGERSOLL RAND INC,IR,I2RS34,US45687V1061,BRI2RSBDR009,1:6,USA,Investidor em Geral,Banco B3,NYSE,Industrial
Ingredion Incorporated ,INGR,I2NG34,US4571871023,BRI2NGBDR003,1:8,USA,Investidor em Geral,Banco B3,NYSE,Produtos de consumo não duráveis
INSULET CORP,PODD,P2OD34,US45784P1012,BRP2ODBDR009,1:30,USA,Investidor em Geral,Banco B3,NASDAQ,Equipamentos Médicos
INTEL CORPORATION,INTC,ITLC34,US4581401001,BRITLCBDR005,1:6,USA,Investidor em Geral,Banco B3,NASDAQ,Tecnologia
INTER CO INC,INTR,INBR32,KYG4R20B1074 ,BRINBRBDR007 ,1:1,KY,Investidor em Geral,Bradesco,NASDAQ,Financeiro
INTERCONTINENTAL EXCHANGE INC,ICE,I1CE34,US45866F1049,BRI1CEBDR003,1:2,USA,Investidor em Geral,Banco B3,NYSE,Financeiro
INTERCONTINENTAL HOTELS GROUP PLC,IHG,I1HG34,US45857P8068,BRI1HGBDR007,1:6,GBR,Investidor em Geral,Banco B3,NYSE,Hotelaria
INTERNATIONAL BUSINESS MACHINES CORPORATION,IBM,IBMB34,US4592001014,BRIBMBBDR003,1:1,USA,Investidor em Geral,Bradesco,NYSE,Tecnologia da Informação/Programas e Serviços
INTERNATIONAL FLAVORS & FRAGRANCES INC,IFF,I1FF34,US4595061015,BRI1FFBDR003,1:2,USA,Investidor em Geral,Banco B3,NYSE,Materiais básicos
INTERNATIONAL PAPER CO,IP,I1PC34,US4601461035,BRI1PCBDR009,1:1,USA,Investidor em Geral,Banco B3,NYSE,Materiais básicos
INTERPUBLIC GROUP OF COS INC,IPG,I1PH34,US4606901001,BRI1PHBDR008,1:1,USA,Investidor em Geral,Banco B3,NYSE,Comunicação
INTUIT INC,INTU,INTU34,US4612021034,BRINTUBDR003,1:44,USA,Investidor em Geral,Banco B3,NASDAQ,Tecnologia
INTUITIVE SURGICAL INC,ISRG,I1SR34,US46120E6023,BRI1SRBDR001,1:20,USA,Investidor em Geral,Banco B3,NASDAQ,Equipamentos Médicos
INVESCO LTD,IVZ,I1VZ34,BMG491BT1088,BRI1VZBDR008,1:1,USA,Investidor em Geral,Banco B3,NYSE,Financeiro
INVITATION HOMES INC,INVH,I2NV34,US46187W1071,BRI2NVBDR002,1:5,USA,Investidor em Geral,Banco B3,NYSE,Financeiro
IPG PHOTONICS CORP,IPGP,I1PG34,US44980X1090,BRI1PGBDR000,1:2,USA,Investidor em Geral,Banco B3,NASDAQ,Tecnologia
IQIYI INC,IQ,I1QY34,US46267X1081,BRI1QYBDR001,1:2,CN,Investidor em Geral,Banco B3,NASDAQ,Comunicação
IQVIA HOLDINGS INC,IQV,I1QV34,US46266C1053,BRI1QVBDR007,1:4,USA,Investidor em Geral,Banco B3,NYSE,Equipamentos Médicos
IRON MOUNTAIN INC,IRM,I1RM34,US46284V1017,BRI1RMBDR004,1:1,USA,Investidor em Geral,Banco B3,NYSE,Financeiro
Itron Inc,ITRI,I2TR34,US4657411066,BRI2TRBDR007,1:5,USA,Investidor em Geral,Banco B3,NASDAQ GS,Industrial
JABIL INC,JBL,J2BL34,US4663131039,BRJ2BLBDR007,1:8,USA,Investidor em Geral,Banco B3,NYSE,Industrial
JACK HENRY & ASSOCIATES INC,JKHY,J1KH34,US4262811015,BRJ1KHBDR008,1:4,USA,Investidor em Geral,Banco B3,NASDAQ,Tecnologia
Jacobs Solutions Inc.,J,J1EG34,US46982L1089,BRJ1EGBDR003,1:2,USA,Investidor em Geral,Banco B3,NYSE,Industrial
JAZZ PHARMACEUTICALS PLC,JAZZ,J2AZ34,IE00B4Q5ZN47,BRJ2AZBDR009,1:15,IE,Investidor em Geral,Banco B3,NASDAQ,Farmacêutico
JB HUNT TRANSPORT SERVICES INC,JBHT,J1BH34,US4456581077,BRJ1BHBDR007,1:34,USA,Investidor em Geral,Banco B3,NASDAQ,Industrial
JD.COM INC,JD,JDCO34,US47215P1066,BRJDCOBDR001,1:6,CN,Investidor em Geral,Banco B3,NASDAQ,Comunicação
JEFFERIES FINANCIAL GROUP INC,JEF,J1EF34,US47233W1099,BRJ1EFBDR005,1:1,USA,Investidor em Geral,Banco B3,NYSE,Financeiro
John Wiley & Sons Inc,WLY,J2WA34,US9682232064,BRJ2WABDR006,1:5,USA,Investidor em Geral,Banco B3,NYSE,Tecnologia
JOHNSON & JOHNSON,JNJ,JNJB34,US4781601046,BRJNJBBDR002,1:15,USA,Investidor em Geral,Bradesco,NYSE,Saúde/Medicamentos e Outros Produtos/Medicamentos e Outros Produtos
JOHNSON CONTROLS INTERNATIONAL PLC,JCI,J1CI34,IE00BY7QL619,BRJ1CIBDR003,1:1,USA,Investidor em Geral,Banco B3,NYSE,Industrial
JPMORGAN CHASE & CO.,JPM,JPMC34,US46625H1005,BRJPMCBDR009,1:10,USA,Investidor em Geral,Banco B3,NYSE,Financeiro
JUNIPER NETWORKS INC,JNPR,J1NP34,US48203R1041,BRJ1NPBDR005,1:1,USA,Investidor em Geral,Banco B3,NYSE,Comunicação
KB FINANCIAL GROUP INC,KB,K1BF34,US48241A1051,BRK1BFBDR008,1:4,KOR,Investidor em Geral,Banco B3,NYSE,Financeiro
KELLOGG CO,K,K1EL34,US4878361082,BRK1ELBDR000,1:2,USA,Investidor em Geral,Banco B3,NYSE,"Alimentação, restaurantes"
KEMPER CORP,KMPR,KMPR34,US4884011002,BRKMPRBDR005,1:2,USA,Investidor em Geral,Banco B3,NYSE,Financeiro
KEYCORP,KEY,K1EY34,US4932671088,BRK1EYBDR003,1:1,USA,Investidor em Geral,Banco B3,NYSE,Financeiro
KEYSIGHT TECHNOLOGIES INC,KEYS,K1SG34,US49338L1035,BRK1SGBDR000,1:2,USA,Investidor em Geral,Banco B3,NYSE,Industrial
KILROY REALTY CORP,KRC,K2RC34,US49427F1084,BRK2RCBDR009,1:8,USA,Investidor em Geral,Banco B3,NYSE,Financeiro
KIMBERLY-CLARK CORP,KMB,KMBB34,US4943681035,BRKMBBBDR009,1:1,USA,Investidor em Geral,Bradesco,NYSE,Consumo não Cíclico/Produtos de Uso Pessoal e de Limpeza/Produtos de Uso Pessoal
KIMCO REALTY CORP,KIM,K1IM34,US49446R1095,BRK1IMBDR009,1:1,USA,Investidor em Geral,Banco B3,NYSE,Financeiro
KINDER MORGAN INC,KMI,KMIC34,US49456B1017,BRKMICBDR002,1:1,USA,Investidor em Geral,Banco B3,NYSE,Energia
KINGSOFT CLOUD HOLDINGS LTD,KC,K2CG34,US49639K1016,BRK2CGBDR002,1:6,CN,Investidor em Geral,Banco B3,NASDAQ,Tecnologia
KLA CORP,KLAC,K1LA34,US4824801009,BRK1LABDR008,1:4,USA,Investidor em Geral,Banco B3,NASDAQ,Tecnologia
KOHLS CORP,KSS,K1SS34,US5002551043,BRK1SSBDR005,1:1,USA,Investidor em Geral,Banco B3,NYSE,Vestuário
KONINKLIJKE PHILIPS NV,PHG,PHGN34,US5004723038,BRPHGNBDR002,1:1,NL,Investidor em Geral,Banco B3,NYSE,Equipamentos Médicos
KROGER CO,KR,K1RC34,US5010441013,BRK1RCBDR001,1:1,USA,Investidor em Geral,Banco B3,NYSE,"Alimentação, restaurantes"
KT CORP,KT,K1TC34,US48268K1016,BRK1TCBDR007,1:1,KOR,Investidor em Geral,Banco B3,NYSE,Comunicação
L3HARRIS TECHNOLOGIES INC,LHX,L1HX34,US5024311095,BRL1HXBDR007,1:4,USA,Investidor em Geral,Banco B3,NYSE,Industrial
LABORATORY CORP OF AMERICA HOLDINGS,LH,L1CA34,US50540R4092,BRL1CABDR006,1:4,USA,Investidor em Geral,Banco B3,NYSE,Medicina
LAM RESEARCH CORP,LRCX,L1RC34,US5128071082,BRL1RCBDR000,1:44,USA,Investidor em Geral,Banco B3,NASDAQ,Tecnologia
LAMB WESTON HOLDINGS INC,LW,L1WH34,US5132721045,BRL1WHBDR009,1:2,USA,Investidor em Geral,Banco B3,NYSE,"Alimentação, restaurantes"
LAS VEGAS SANDS CORPORATION,LVS,L1VS34,US5178341070,BRL1VSBDR008,1:5,USA,Investidor em Geral,Banco B3,NYSE,Hotelaria
LATTICE SEMICONDUCTOR CORP,LSCC,L2SC34,US5184151042,BRL2SCBDR006,1:8,USA,Investidor em Geral,Banco B3,NASDAQ,Tecnologia
LEGGETT PLATT INC,LEG,L1EG34,US5246601075,BRL1EGBDR009,1:1,USA,Investidor em Geral,Banco B3,NYSE,Industrial
LEIDOS HOLDINGS INC,LDOS,L1DO34,US5253271028,BRL1DOBDR005,1:10,USA,Investidor em Geral,Banco B3,NYSE,Tecnologia
LENNAR CORP,LEN,L1EN34,US5260571048,BRL1ENBDR005,1:1,USA,Investidor em Geral,Banco B3,NYSE,Construção
LIBERTY BROADBAND CORP,LBRDK,LBRD34,US5303073051,BRLBRDBDR002,1:12,USA,Investidor em Geral,Banco B3,NASDAQ,Comunicação
LIBERTY GLOBAL PLC (CLASS A),LBTYA,L1BT35,GB00B8W67662,BRL1BTBDR024,1:4,GBR,Investidor em Geral,Banco B3,NASDAQ,Comunicação
LIBERTY GLOBAL PLC (CLASS C),LBTYK,L1BT34,GB00B8W67B19,BRL1BTBDR016,1:1,GBR,Investidor em Geral,Banco B3,NASDAQ,Comunicação
LIFE STORAGE INC,LSI,L2SI34,US53223X1072,BRL2SIBDR003,1:15,USA,Investidor em Geral,Banco B3,NYSE,Financeiro
LINCOLN NATIONAL CORP,LNC,L1NC34,US5341871094,BRL1NCBDR009,1:1,USA,Investidor em Geral,Banco B3,NYSE,Financeiro
LivaNova PLC,LIVN,L2IV34,GB00BYMT0J19,BRL2IVBDR007,1:8,GBR,Investidor em Geral,Banco B3,NASDAQ GS,Tecnologia
LIVE NATION ENTERTAINMENT INC,LYV,L1YV34,US5380341090,BRL1YVBDR006,1:5,USA,Investidor em Geral,Banco B3,NYSE,Entretenimento
LKQ CORP,LKQ,L1KQ34,US5018892084,BRL1KQBDR005,1:1,USA,Investidor em Geral,Banco B3,NASDAQ,Auto peças
LLOYDS BANKING GROUP PLC,LYG,L1YG34,US5394391099,BRL1YGBDR007,1:1,GBR,Investidor em Geral,Banco B3,NYSE,Financeiro
LOCKHEED MARTIN CORPORATION,LMT,LMTB34,US5398301094,BRLMTBBDR009,1:1,USA,Investidor em Geral,Bradesco,NYSE,Bens Industriais/Material de Transporte/Material Aeronáutico e de Defesa
LOEWS CORP,L,L1OE34,US5404241086,BRL1OEBDR003,1:1,USA,Investidor em Geral,Banco B3,NYSE,Financeiro
London Stock Exchange Group,LSEG,LSEG34,GB00B0SWJX34,BRLSEGBDR007,1:1000,UK,Investidor em Geral,Bradesco,LSE,-
LOWES COMPANIES INC,LOW,LOWC34,US5486611073,BRLOWCBDR007,1:20,USA,Investidor em Geral,Banco B3,NYSE,Construção
LPL FINANCIAL HOLDINGS INC,LPLA,L2PL34,US50212V1008,BRL2PLBDR003,1:18,USA,Investidor em Geral,Banco B3,NASDAQ,Financeiro
LULULEMON ATHLETICA INC,LULU,L1UL34,US5500211090,BRL1ULBDR005,1:4,CA,Investidor em Geral,Banco B3,NASDAQ,Vestuário
"LUMEN TECHNOLOGIES, INC",LUMN,L1MN34,US5502411037,BRL1MNBDR008,1:1,USA,Investidor em Geral,Banco B3,NYSE,Comunicação
Luminar Technologies Inc,LAZR,L2AZ34,US5504241051,BRL2AZBDR005,1:2,USA,Investidor em Geral,Banco B3,NASDAQ GS,Tecnologia
LyondellBasell Industries NV,LYB,L1YB34,NL0009434992,BRL1YBBDR008,1:2,GBR,Investidor em Geral,Banco B3,NYSE,Materiais básicos
M&T BANK CORP,MTB,M1TB34,US55261F1049,BRM1TBBDR007,1:4,USA,Investidor em Geral,Banco B3,NYSE,Financeiro
MACYS INC.,M,MACY34,US55616P1049,BRMACYBDR000,1:1,USA,Investidor em Geral,Banco B3,NYSE,Lojas de departamento
MARATHON OIL CORP,MRO,M1RO34,US5658491064,BRM1ROBDR004,1:1,USA,Investidor em Geral,Banco B3,NYSE,Energia
MARATHON PETROLEUM CORP,MPC,M1PC34,US56585A1025,BRM1PCBDR003,1:1,USA,Investidor em Geral,Banco B3,NYSE,Energia
MARKEL CORP,MKL,MKLC34,US5705351048,BRMKLCBDR006,1:20,USA,Investidor em Geral,Banco B3,NYSE,Financeiro
MARKETAXESS HOLDINGS INC,MKTX,M1KT34,US57060D1081,BRM1KTBDR008,1:50,USA,Investidor em Geral,Banco B3,NASDAQ,Financeiro
MARRIOTT INTERNATIONAL INC,MAR,M1TT34,US5719032022,BRM1TTBDR009,1:4,USA,Investidor em Geral,Banco B3,NASDAQ,Hotelaria
Marsh & McLennan Cos Inc,MMC,M1MC34,US5717481023,BRM1MCBDR000,1:2,USA,Investidor em Geral,Banco B3,NYSE,Financeiro
MARTIN MARIETTA MATERIALS INC,MLM,M1LM34,US5732841060,BRM1LMBDR001,1:5,USA,Investidor em Geral,Banco B3,NYSE,Industrial
MARVELL TECHNOLOGY INC,MRVL,M2RV34,US5738741041,BRM2RVBDR007,1:10,USA,Investidor em Geral,Banco B3,NASDAQ,Tecnologia
MASCO CORP,MAS,M1AS34,US5745991068,BRM1ASBDR001,1:1,USA,Investidor em Geral,Banco B3,NYSE,Industrial
MASIMO CORP,MASI,M2AS34,US5747951003,BRM2ASBDR009,1:30,USA,Investidor em Geral,Banco B3,NASDAQ,Equipamentos Médicos
MASTERCARD INCORPORATED,MA,MSCD34,US57636Q1040,BRMSCDBDR006,1:31,USA,Investidor em Geral,Itaú Unibanco,NYSE,Financeiro e Outros/Serviços Financeiros Diversos
MATCH GROUP INC,MTCH,M1TC34,US57667L1070,BRM1TCBDR005,1:20,USA,Investidor em Geral,Banco B3,NASDAQ,Comunicação
MCCORMICK & CO INC,MKC,M1KC34,US5797802064,BRM1KCBDR004,1:4,USA,Investidor em Geral,Banco B3,NYSE,"Alimentação, restaurantes"
MCDONALDS CORP,MCD,MCDC34,US5801351017,BRMCDCBDR000,1:20,USA,Investidor em Geral,Banco B3,NYSE,Consumo Cíclico/Hoteis e Restaurantes /Restaurante e Similares
MCKESSON CORP,MCK,M1CK34,US58155Q1031,BRM1CKBDR004,1:4,USA,Investidor em Geral,Banco B3,NYSE,Medicina
MEDICAL PROPERTIES TRUST INC,MPW,M2PW34,US58463J3041,BRM2PWBDR009,1:2,USA,Investidor em Geral,Banco B3,NYSE,Financeiro
MEDTRONIC PUBLIC LIMITED COMPANY,MDT,MDTC34,IE00BTN1Y115,BRMDTCBDR004,1:2,IE,Investidor em Geral,Banco B3,NYSE,Equipamentos Médicos
MELCO RESORTS & ENTERTAINMENT LTD,MLCO,M1LC34,US5854641009,BRM1LCBDR002,1:2,HK,Investidor em Geral,Banco B3,NASDAQ,Hotelaria
MERCADOLIBRE INC,MELI,MELI34,US58733R1023,BRMELIBDR006,1:120,USA,Investidor em Geral,Banco B3,NASDAQ,Comunicação
"MERCK & CO., INC.",MRK,MRCK34,US58933Y1055,BRMRCKBDR003,1:8,USA,Investidor em Geral,Banco B3,NYSE,Farmacêutico
MERIT MEDICAL SYSTEMS INC,MMSI,M2MS34,US5898891040,BRM2MSBDR004,1:6,USA,Investidor em Geral,Banco B3,NASDAQ GS,Medicina
"META PLATFORMS, INC.",META,M1TA34,US30303M1027,BRM1TABDR009,1:28,USA,Investidor em Geral,Banco B3,NASDAQ,Redes Sociais
METLIFE INC,MET,METB34,US59156R1086,BRMETBBDR004,1:1,USA,Investidor em Geral,Bradesco,NYSE,Financeiro e Outros/Previdência e Seguros/Seguradoras
METTLER-TOLEDO INTERNATIONAL INC,MTD,M1TD34,US5926881054,BRM1TDBDR003,1:10,USA,Investidor em Geral,Banco B3,NYSE,Industrial
MGM RESORTS INTERNATIONAL,MGM,M1GM34,US5529531015,BRM1GMBDR019,1:1,USA,Investidor em Geral,Banco B3,NYSE,Hotelaria
MICROCHIP TECHNOLOGY INC,MCHP,M1CH34,US5950171042,BRM1CHBDR000,1:2,USA,Investidor em Geral,Banco B3,NASDAQ,Tecnologia
MICRON TECHNOLOGY INC,MU,MUTC34,US5951121038,BRMUTCBDR008,1:6,USA,Investidor em Geral,Banco B3,NASDAQ,Tecnologia
MICROSOFT CORPORATION,MSFT,MSFT34,US5949181045,BRMSFTBDR005,1:24,USA,Investidor em Geral,Banco B3,NASDAQ,Tecnologia
MICROSTRATEGY INC,MSTR,M2ST34,US5949724083,BRM2STBDR009,1:70,USA,Investidor em Geral,Banco B3,NASDAQ,Tecnologia
MID-AMERICA APARTMENT COMMUNITIES INC,MAA,M1AA34,US59522J1034,BRM1AABDR009,1:4,USA,Investidor em Geral,Banco B3,NYSE,Financeiro
MIRATI THERAPEUTICS INC,MRTX,M2RT34,US60468T1051,BRM2RTBDR001,1:15,USA,Investidor em Geral,Banco B3,NASDAQ,"Pacífico Asiático, Ex Japão"
MITSUBISHI UFJ FINANCIAL GROUP INC,MUFG,M1UF34,US6068221042,BRM1UFBDR006,1:1,JP,Investidor em Geral,Banco B3,NYSE,Financeiro
MKS INSTRUMENTS INC,MKSI,M2KS34,US55306N1046,BRM2KSBDR008,1:18,USA,Investidor em Geral,Banco B3,NASDAQ,Tecnologia
Mobile TeleSystems Public Joint Stock Co.,MBT,M1BT34,US6074091090,BRM1BTBDR007,1:1,RU,Investidor em Geral,Banco B3,NYSE,Comunicação
MODERNA INC,MRNA,M1RN34,US60770K1079,BRM1RNBDR006,1:20,USA,Investidor em Geral,Banco B3,NASDAQ,Farmacêutico
MOHAWK INDUSTRIES INC,MHK,M1HK34,US6081901042,BRM1HKBDR003,1:26,USA,Investidor em Geral,Banco B3,NYSE,Industrial
MOLSON COORS BREWING CO,TAP,M1CB34,US60871R2094,BRM1CBBDR003,1:1,USA,Investidor em Geral,Banco B3,NYSE,Bebidas
"MONDELEZ INTERNATIONAL, INC",MDLZ,MDLZ34,US6092071058,BRMDLZBDR002,1:2,USA,Investidor em Geral,Banco B3,NASDAQ,"Alimentação, restaurantes"
MONGODB INC,MDB,M1DB34,US60937P1066,BRM1DBBDR001,1:20,USA,Investidor em Geral,Banco B3,NASDAQ,Tecnologia
MONOLITHIC POWER SYSTEMS INC,MPWR,M2PR34,US6098391054,BRM2PRBDR009,1:60,USA,Investidor em Geral,Banco B3,NASDAQ,Tecnologia
Monster Beverage Corp,MNST,M1NS34,US61174X1090,BRM1NSBDR004,1:8,USA,Investidor em Geral,Banco B3,NASDAQ,Bebidas
MOODYS CORP,MCO,MCOR34,US6153691059,BRMCORBDR005,1:4,USA,Investidor em Geral,Banco B3,NYSE,Financeiro
MORGAN STANLEY,MS,MSBR34,US6174464486,BRMSBRBDR008,1:5,USA,Investidor em Geral,Bradesco,NYSE,Financeiro e Outros/Serviços Financeiros Diversos
MOTOROLA SOLUTIONS INC,MSI,M1SI34,US6200763075,BRM1SIBDR004,1:4,USA,Investidor em Geral,Banco B3,NYSE,Comunicação
MP MATERIALS CORP,MP,M2PM34,US5533681012,BRM2PMBDR000,1:5,USA,Investidor em Geral,Banco B3,NYSE,Materiais básicos
MSCI INC,MSCI,M1SC34,US55354G1004,BRM1SCBDR007,1:44,USA,Investidor em Geral,Banco B3,NYSE,Tecnologia
NASDAQ INC,NDAQ,N1DA34,US6311031081,BRN1DABDR002,1:2,USA,Investidor em Geral,Banco B3,NASDAQ,Financeiro
NATIONAL GRID PLC,NGG,N1GG34,US6362744095,BRN1GGBDR002,1:6,GBR,Investidor em Geral,Banco B3,NYSE,Utilidades
NATIONAL INSTRUMENTS CORP,NATI,N2AT34,US6365181022,BRN2ATBDR006,1:5,USA,Investidor em Geral,Banco B3,NASDAQ,Industrial
NATIONAL VISION HOLDINGS INC,EYE,E2YE34,US63845R1077,BRE2YEBDR009,1:4,USA,Investidor em Geral,Banco B3,NASDAQ GS,Equipamentos Médicos
NATWEST GROUP PLC,NWG,N1WG34,US6390572070,BRN1WGBDR009,1:1,GBR,Investidor em Geral,Banco B3,NYSE,Financeiro
NEOGEN CORP,NEOG,N2EO34,US6404911066,BRN2EOBDR009,1:2,USA,Investidor em Geral,Banco B3,NASDAQ GS,Medicina
NETAPP INC,NTAP,N1TA34,US64110D1046,BRN1TABDR008,1:1,USA,Investidor em Geral,Banco B3,NASDAQ,Tecnologia
NETEASE INC,NTES,NETE34,US64110W1027,BRNETEBDR006,1:10,CN,Investidor em Geral,Banco B3,NASDAQ,Tecnologia
"NETFLIX, INC.",NFLX,NFLX34,US64110L1061,BRNFLXBDR000,1:50,USA,Investidor em Geral,Banco B3,NASDAQ,Streaming
NEUROCRINE BIOSCIENCES INC,NBIX,N1BI34,US64125C1099,BRN1BIBDR009,1:20,USA,Investidor em Geral,Banco B3,NASDAQ,Farmacêutico
NEW ORIENTAL EDUCATION & TECHNOLOGY GROUP INC,EDU,E1DU34,US6475812060,BRE1DUBDR001,1:15,CN,Investidor em Geral,Banco B3,NYSE,Prestador de Serviços
NEW RELIC INC,NEWR,N2EW34,US64829B1008,BRN2EWBDR002,1:12,USA,Investidor em Geral,Banco B3,NYSE,Tecnologia
NEWELL BRANDS INC,NWL,N1WL34,US6512291062,BRN1WLBDR009,1:1,USA,Investidor em Geral,Banco B3,NASDAQ,Comércio e Distribuição
NEWMONT CORP,NEM,N1EM34,US6516391066,BRN1EMBDR005,1:1,USA,Investidor em Geral,Banco B3,NYSE,Materiais básicos
News Corporation (Class A),NWSA,N1WS34,US65249B1098,BRN1WSBDR004,1:1,USA,Investidor em Geral,Banco B3,NASDAQ,Marketing
News Corporation (Class B),NWS,N1WS35,US65249B2088,BRN1WSBDR012,1:2,USA,Investidor em Geral,Banco B3,NASDAQ,Marketing
NEXTERA ENERGY INC,NEE,NEXT34,US65339F1012,BRNEXTBDR006,1:4,USA,Investidor em Geral,Banco B3,NYSE,Energia
NICE LTD,NICE,N1IC34,US6536561086,BRN1ICBDR007,1:25,IL,Investidor em Geral,Banco B3,NASDAQ,Comunicação
NIKE INC,NKE,NIKE34,US6541061031,BRNIKEBDR006,1:5,USA,Investidor em Geral,Itaú Unibanco,NYSE,"Consumo Cíclico/Tecidos, Vestuário e Calçados/Calçados"
NISOURCE INC,NI,N1IS34,US65473P1057,BRN1ISBDR003,1:1,USA,Investidor em Geral,Banco B3,NYSE,Utilidades
NOKIA CORPORATION,NOK,NOKI34,US6549022043,BRNOKIBDR005,1:1,FI,Investidor em Geral,Banco B3,NYSE,Comunicação
NOMURA HOLDINGS INC,NMR,NMRH34,US65535H2085,BRNMRHBDR006,1:1,JP,Investidor em Geral,Banco B3,NYSE,Financeiro
NORDSTROM INC,JWN,J1WN34,US6556641008,BRJ1WNBDR001,1:1,USA,Investidor em Geral,Banco B3,NYSE,Lojas de departamento
Norfolk Southern Corp,NSC,N1SC34,US6558441084,BRN1SCBDR006,1:4,USA,Investidor em Geral,Banco B3,NYSE,Industrial
NORTHERN TRUST CORP,NTRS,N1TR34,US6658591044,BRN1TRBDR002,1:2,USA,Investidor em Geral,Banco B3,NASDAQ,Financeiro
NORTHROP GRUMMAN CORP,NOC,NOCG34,US6668071029,BRNOCGBDR006,1:5,USA,Investidor em Geral,Banco B3,NYSE,Industrial
NORWEGIAN CRUISE LINE HOLDINGS LTD,NCLH,N1CL34,BMG667211046,BRN1CLBDR001,1:1,USA,Investidor em Geral,Banco B3,NYSE,Transporte Marítimo
NOV Inc,NOV,N1OV34,US62955J1034,BRN1OVBDR005,1:1,USA,Investidor em Geral,Banco B3,NYSE,Energia
NOVARTIS AG,NVS,N1VS34,US66987V1098,BRN1VSBDR006,1:10,CHE,Investidor em Geral,Banco B3,NYSE,Farmacêutico
NOVO NORDISK A/S,NVO,N1VO34,US6701002056,BRN1VOBDR005,1:8,DK,Investidor em Geral,Banco B3,NYSE,Farmacêutico
NOVOCURE LTD,NVCR,N2VC34,JE00BYSS4X48,BRN2VCBDR008,1:10,IE,Investidor em Geral,Banco B3,NASDAQ,Medicina
NRG ENERGY INC,NRG,N1RG34,US6293775085,BRN1RGBDR009,1:1,USA,Investidor em Geral,Banco B3,NYSE,Utilidades
NU HOLDINGS LTD.,NU,NUBR33,KYG6683N1034,BRNUBRBDR002,1:6,USA,Investidor em Geral,Bradesco,NYSE,Financeiro e Outros/Intermediários Financeiros/Bancos
Nucor Corp,NUE,N1UE34,US6703461052,BRN1UEBDR008,1:12,USA,Investidor em Geral,Banco B3,NYSE,Materiais básicos
NUTANIX INC,NTNX,N2TN34,US67059N1081,BRN2TNBDR009,1:4,USA,Investidor em Geral,Banco B3,NASDAQ,Tecnologia
NVIDIA CORP,NVDA,NVDC34,US67066G1040,BRNVDCBDR008,1:48,USA,Investidor em Geral,Banco B3,NASDAQ,Tecnologia
NVR INC,NVR,N1VR34,US62944T1051,BRN1VRBDR008,1:50,USA,Investidor em Geral,Banco B3,NYSE,Construção
NXP SEMICONDUCTORS NV,NXPI,N1XP34,NL0009538784,BRN1XPBDR008,1:2,NL,Investidor em Geral,Banco B3,NASDAQ,Tecnologia
OCCIDENTAL PETROLEUM CORP,OXY,OXYP34,US6745991058,BROXYPBDR000,1:6,USA,Investidor em Geral,Banco B3,NYSE,Energia
OKTA INC,OKTA,O1KT34,US6792951054,BRO1KTBDR006,1:20,USA,Investidor em Geral,Banco B3,NASDAQ,Comunicação
OLD DOMINION FREIGHT LINE INC,ODFL,O1DF34,US6795801009,BRO1DFBDR000,1:20,USA,Investidor em Geral,Banco B3,NASDAQ,Logistica e Transportes
OMEGA HEALTHCARE INVESTORS INC,OHI,O2HI34,US6819361006,BRO2HIBDR003,1:3,USA,Investidor em Geral,Banco B3,NYSE,Financeiro
OMNICOM GROUP INC,OMC,O1MC34,US6819191064,BRO1MCBDR008,1:2,USA,Investidor em Geral,Banco B3,NYSE,Comunicação
ON SEMICONDUCTOR CORP,ON,O2NS34,US6821891057,BRO2NSBDR000,1:8,USA,Investidor em Geral,Banco B3,NASDAQ,Tecnologia
ONEOK Inc,OKE,O1KE34,US6826801036,BRO1KEBDR008,1:2,USA,Investidor em Geral,Banco B3,NYSE,Energia
OPTION CARE HEALTH INC,OPCH,O2PC34,US68404L2016,BRO2PCBDR009,1:4,USA,Investidor em Geral,Banco B3,NASDAQ GS,Farmacêutico
ORACLE CORPORATION,ORCL,ORCL34,US68389X1054,BRORCLBDR007,1:6,USA,Investidor em Geral,Itaú Unibanco,NASDAQ,Tecnologia da Informação/Programas e Serviços
OREILLY AUTOMOTIVE INC,ORLY,ORLY34,US67103H1077,BRORLYBDR001,1:310,USA,Investidor em Geral,Banco B3,NASDAQ,Auto peças
ORIX CORP,IX,I1XC34,US6863301015,BRI1XCBDR003,1:8,JP,Investidor em Geral,Banco B3,NYSE,Financeiro
OTIS WORLDWIDE CORPORATION,OTIS,O1TI34,US68902V1070,BRO1TIBDR000,1:10,USA,Investidor em Geral,Banco B3,NYSE,Industrial
PACCAR INC,PCAR,P1AC34,US6937181088,BRP1ACBDR002,1:2,USA,Investidor em Geral,Banco B3,NASDAQ,Automóvel
PACKAGING CORP OF AMERICA,PKG,P1KG34,US6951561090,BRP1KGBDR002,1:2,USA,Investidor em Geral,Banco B3,NYSE,Industrial
Pagseguro Digital Ltd,PAGS,PAGS34,KYG687071012,BRPAGSBDR006,1:5,BR,Investidor em Geral,Banco B3,NYSE,Financeiro
PALANTIR TECHNOLOGIES INC,PLTR,P2LT34,US69608A1088,BRP2LTBDR001,1:3,USA,Investidor em Geral,Banco B3,NYSE,Tecnologia
PALO ALTO NETWORKS INC,PANW,P2AN34,US6974351057,BRP2ANBDR007,1:60,USA,Investidor em Geral,Banco B3,NASDAQ,Comunicação
Paramount Global,PARA,C1BS34,US92556H2067,BRC1BSBDR001,1:1,USA,Investidor em Geral,Banco B3,NASDAQ,Comunicação
PARKER-HANNIFIN CORP,PH,P1HC34,US7010941042,BRP1HCBDR007,1:4,USA,Investidor em Geral,Banco B3,NYSE,Industrial
Paychex Inc,PAYX,P1AY34,US7043261079,BRP1AYBDR006,1:2,USA,Investidor em Geral,Banco B3,NASDAQ,Tecnologia
PAYCOM SOFTWARE INC,PAYC,P1YC34,US70432V1026,BRP1YCBDR002,1:30,USA,Investidor em Geral,Banco B3,NYSE,Tecnologia
PAYLOCITY HOLDING CORP,PCTY,P2CY34,US70438V1061,BRP2CYBDR000,1:30,USA,Investidor em Geral,Banco B3,NASDAQ,Consultoria
PAYPAL HOLDINGS INC,PYPL,PYPL34,US70450Y1038,BRPYPLBDR002,1:20,USA,Investidor em Geral,Banco B3,NASDAQ,Financeiro
PEGASYSTEMS INC,PEGA,P2EG34,US7055731035,BRP2EGBDR003,1:12,USA,Investidor em Geral,Banco B3,NASDAQ,Tecnologia
PENN Entertainment Inc,PENN,P2EN34,US7075691094,BRP2ENBDR009,1:10,USA,Investidor em Geral,Banco B3,NASDAQ,Entretenimento
PENTAIR PLC,PNR,P1NR34,IE00BLS09M33,BRP1NRBDR003,1:1,GBR,Investidor em Geral,Banco B3,NYSE,Industrial
PENUMBRA INC,PEN,P2NB34,US70975L1070,BRP2NBBDR005,1:30,USA,Investidor em Geral,Banco B3,NYSE,Equipamentos Médicos
"PEPSICO, INC.",PEP,PEPB34,US7134481081,BRPEPBBDR005,1:15,USA,Investidor em Geral,Bradesco,NYSE,Consumo não Cíclico/Bebidas/Cervejas e Refrigerantes
PERKINELMER INC,RVTY,R1VT34,US7140461093,BRR1VTBDR000,1:28,USA,Investidor em Geral,Banco B3,NYSE,Industrial
Perrigo Co PLC,PRGO,P1RG34,IE00BGH1M568,BRP1RGBDR007,1:1,IE,Investidor em Geral,Banco B3,NYSE,Farmacêutico
PFIZER INC.,PFE,PFIZ34,US7170811035,BRPFIZBDR006,1:4,USA,Investidor em Geral,Banco B3,NYSE,Farmacêutico
PHILIP MORRIS INTERNATIONAL INC,PM,PHMO34,US7181721090,BRPHMOBDR008,1:2,USA,Investidor em Geral,Banco B3,NYSE,Tabaco
PHILLIPS 66,PSX,P1SX34,US7185461040,BRP1SXBDR000,1:2,USA,Investidor em Geral,Banco B3,NYSE,Energia
PINDUODUO INC,PDD,P1DD34,US7223041028,BRP1DDBDR004,1:10,CN,Investidor em Geral,Banco B3,NASDAQ,Comunicação
PINNACLE WEST CAPITAL CORP,PNW,P1NW34,US7234841010,BRP1NWBDR003,1:2,USA,Investidor em Geral,Banco B3,NYSE,Utilidades
PINTEREST INC,PINS,P2IN34,US72352L1061,BRP2INBDR000,1:6,USA,Investidor em Geral,Banco B3,NYSE,Comunicação
PIONEER NATURAL RESOURCES CO,PXD,P1IO34,US7237871071,BRP1IOBDR000,1:4,USA,Investidor em Geral,Banco B3,NYSE,Energia
PLANET FITNESS INC,PLNT,P2LN34,US72703H1014,BRP2LNBDR004,1:8,USA,Investidor em Geral,Banco B3,NYSE,Entretenimento
PNC FINANCIAL SERVICES GROUP INC,PNC,PNCS34,US6934751057,BRPNCSBDR008,1:2,USA,Investidor em Geral,Banco B3,NYSE,Financeiro
POSCO Holdings Inc.,PKX,P1KX34,US6934831099,BRP1KXBDR007,1:4,KOR,Investidor em Geral,Banco B3,NYSE,Mineradora
Post Holdings Inc,POST,P2OS34,US7374461041,BRP2OSBDR007,1:6,USA,Investidor em Geral,Banco B3,NYSE,Produtos de consumo não duráveis
PowerSchool Holdings Inc,PWSC,P2WS34,US73939C1062,BRP2WSBDR000,1:2,USA,Investidor em Geral,Banco B3,NYSE,Tecnologia
PPG Industries Inc,PPG,P1PG34,US6935061076,BRP1PGBDR001,1:2,USA,Investidor em Geral,Banco B3,NYSE,Materiais básicos
PPL CORP,PPL,P1PL34,US69351T1060,BRP1PLBDR001,1:1,USA,Investidor em Geral,Banco B3,NYSE,Utilidades
PPLA PARTICIPATIONS LTD.,-,PPLA11,BRPPLAUNT007,BRPPLAUNT007,1:1,BM,Investidor em Geral,Bradesco,Euronext,Financeiro e Outros/Serviços Financeiros/Gestão de Recursos e Investimentos
PRESTIGE CONSUMER HEALTHCARE INC,PBH,P2BH34,US74112D1019,BRP2BHBDR007,1:5,USA,Investidor em Geral,Banco B3,NYSE,Medicina
PRINCIPAL FINANCIAL GROUP INC,PFG,P1FG34,US74251V1026,BRP1FGBDR002,1:1,USA,Investidor em Geral,Banco B3,NASDAQ,Financeiro
PROCORE TECHNOLOGIES INC,PCOR,P2CO34,US74275K1088,BRP2COBDR001,1:10,USA,Investidor em Geral,Banco B3,NYSE,Tecnologia
PROCTER & GAMBLE COMPANY,PG,PGCO34,US7427181091,BRPGCOBDR001,1:14,USA,Investidor em Geral,Banco B3,NYSE,Bens de Consumo
Prologis Inc,PLD,P1LD34,US74340W1036,BRP1LDBDR007,1:12,USA,Investidor em Geral,Banco B3,NYSE,Financeiro
Prudential Financial Inc,PRU,P1DT34,US7443201022,BRP1DTBDR000,1:2,USA,Investidor em Geral,Banco B3,NYSE,Financeiro
PRUDENTIAL PLC,PUK,P1UK34,US74435K2042,BRP1UKBDR003,1:4,GBR,Investidor em Geral,Banco B3,NYSE,Financeiro
PT TELEKOMUNIKASI INDONESIA PERSERO TBK,TLK,T1LK34,US7156841063,BRT1LKBDR008,1:2,ID,Investidor em Geral,Banco B3,NYSE,Comunicação
PTC INC,PTC,P2TC34,US69370C1009,BRP2TCBDR000,1:15,USA,Investidor em Geral,Banco B3,NASDAQ,Tecnologia
Public Service Enterprise Group Inc,PEG,P1EG34,US7445731067,BRP1EGBDR005,1:1,USA,Investidor em Geral,Banco B3,NYSE,Utilidades
PUBLIC STORAGE,PSA,P1SA34,US74460D1090,BRP1SABDR008,1:5,USA,Investidor em Geral,Banco B3,NYSE,Financeiro
PULTEGROUP INC,PHM,P1HM34,US7458671010,BRP1HMBDR006,1:1,USA,Investidor em Geral,Banco B3,NYSE,Construção
PURE STORAGE INC,PSTG,P2ST34,US74624M1027,BRP2STBDR006,1:4,USA,Investidor em Geral,Banco B3,NYSE,Tecnologia
PVH CORP,PVH,P1VH34,US6936561009,BRP1VHBDR007,1:2,USA,Investidor em Geral,Banco B3,NYSE,Vestuário
QORVO INC,QRVO,Q1RV34,US74736K1016,BRQ1RVBDR005,1:2,USA,Investidor em Geral,Banco B3,NASDAQ,Tecnologia
QUALCOMM INC.,QCOM,QCOM34,US7475251036,BRQCOMBDR007,1:12,USA,Investidor em Geral,Banco B3,NASDAQ,Comunicação
QUANTA SERVICES INC,PWR,Q1UA34,US74762E1029,BRQ1UABDR003,1:12,USA,Investidor em Geral,Banco B3,NYSE,Energia
QUANTUMSCAPE CORP,QS,Q2SC34,US74767V1098,BRQ2SCBDR001,1:3,USA,Investidor em Geral,Banco B3,NYSE,Auto peças
QUEST DIAGNOSTICS INC,DGX,Q1UE34,US74834L1008,BRQ1UEBDR005,1:2,USA,Investidor em Geral,Banco B3,NYSE,Medicina
RALPH LAUREN CORP,RL,R1LC34,US7512121010,BRR1LCBDR007,1:2,USA,Investidor em Geral,Banco B3,NYSE,Vestuário
RAPID7 INC,RPD,R2PD34,US7534221046,BRR2PDBDR004,1:12,USA,Investidor em Geral,Banco B3,NASDAQ,Tecnologia
RAYMOND JAMES FINANCIAL INC,RJF,R1JF34,US7547301090,BRR1JFBDR004,1:2,USA,Investidor em Geral,Banco B3,NYSE,Financeiro
RAYTHEON TECHNOLOGIES CORPORATION,RTX,RYTT34,US75513E1010,BRUTECBDR005,1:6,USA,Investidor em Geral,Itaú Unibanco,NYSE,Bens Industriais/Material de Transporte/Material Aeronáutico e de Defesa
REALTY INCOME CORP,O,R1IN34,US7561091049,BRR1INBDR000,1:2,USA,Investidor em Geral,Banco B3,NYSE,Financeiro
REDFIN CORPORATION,RDFN,R2DF34,US75737F1084,BRR2DFBDR005,1:6,USA,Investidor em Geral,Banco B3,NASDAQ,Financeiro
REGAL REXNORD CORP,RRX,R2RX34,US7587501039,BRR2RXBDR008,1:18,USA,Investidor em Geral,Banco B3,NYSE,Industrial
REGENCY CENTERS CORP,REG,R1EG34,US7588491032,BRR1EGBDR003,1:2,USA,Investidor em Geral,Banco B3,NASDAQ,Financeiro
REGENERON PHARMACEUTICALS INC,REGN,REGN34,US75886F1075,BRREGNBDR005,1:60,USA,Investidor em Geral,Banco B3,NASDAQ,Farmacêutico
REGIONS FINANCIAL CORP,RF,R1FC34,US7591EP1005,BRR1FCBDR009,1:1,USA,Investidor em Geral,Banco B3,NYSE,Financeiro
RELX PLC,RELX,R1EL34,US7595301083,BRR1ELBDR003,1:4,GBR,Investidor em Geral,Banco B3,NYSE,Comércio
REPLIGEN CORP,RGEN,R2GE34,US7599161095,BRR2GEBDR001,1:30,USA,Investidor em Geral,Banco B3,NASDAQ,Equipamentos Médicos
REPUBLIC SERVICES INC,RSG,R1SG34,US7607591002,BRR1SGBDR003,1:2,USA,Investidor em Geral,Banco B3,NYSE,Industrial
RESMED INC,RMD,R1MD34,US7611521078,BRR1MDBDR003,1:4,USA,Investidor em Geral,Banco B3,NYSE,Equipamentos Médicos
RH,RH,R2HH34,US74967X1037,BRR2HHBDR002,1:60,USA,Investidor em Geral,Banco B3,NYSE,Comércio
RINGCENTRAL INC,RNG,R2NG34,US76680R2067,BRR2NGBDR002,1:25,USA,Investidor em Geral,Banco B3,NYSE,Tecnologia
RIO TINTO PLC,RIO,RIOT34,US7672041008,BRRIOTBDR007,1:1,GBR,Investidor em Geral,Banco B3,NYSE,Materiais básicos
ROBERT HALF INTERNATIONAL INC,RHI,R1HI34,US7703231032,BRR1HIBDR002,1:1,USA,Investidor em Geral,Banco B3,NYSE,Consultoria
Roblox Corporation,RBLX,R2BL34,US7710491033,BRR2BLBDR007,1:10,USA,Investidor em Geral,Banco B3,NYSE,Tecnologia
ROCKWELL AUTOMATION INC,ROK,R1OK34,US7739031091,BRR1OKBDR004,1:4,USA,Investidor em Geral,Banco B3,NYSE,Industrial
ROKU INC,ROKU,R1KU34,US77543R1023,BRR1KUBDR001,1:20,USA,Investidor em Geral,Banco B3,NASDAQ,Comunicação
ROLLINS INC,ROL,R1OL34,US7757111049,BRR1OLBDR002,1:1,USA,Investidor em Geral,Banco B3,NYSE,Comércio
ROPER TECHNOLOGIES INC,ROP,R1OP34,US7766961061,BRR1OPBDR003,1:10,USA,Investidor em Geral,Banco B3,NYSE,Industrial
"ROSS STORES, INC.",ROST,ROST34,US7782961038,BRROSTBDR006,1:2,USA,Investidor em Geral,Banco B3,NASDAQ,Vestuário
Royal Bank of Canada,RY,RYBD34,CA7800871021,BRRYBDBDR005,1:10,CA,Investidor em Geral,Bradesco,TSX,-
ROYAL CARIBBEAN GROUP,RCL,R1CL34,LR0008862868,BRR1CLBDR007,1:2,LR,Investidor em Geral,Banco B3,NYSE,Transporte Marítimo
RYANAIR HOLDINGS PLC,RYAAY,R1YA34,US7835132033,BRR1YABDR004,1:8,IE,Investidor em Geral,Banco B3,NASDAQ,Aviação
S&P GLOBAL INC,SPGI,SPGI34,US78409V1044,BRSPGIBDR009,1:36,USA,Investidor em Geral,Banco B3,NYSE,Financeiro
"Salesforce, Inc.",CRM,SSFO34,US79466L3024,BRSSFOBDR003,1:22,USA,Investidor em Geral,Banco B3,NYSE,Tecnologia
SAP SE,SAP,SAPP34,US8030542042,BRSAPPBDR007,1:1,DE,Investidor em Geral,Banco B3,NYSE,Tecnologia
SAREPTA THERAPEUTICS INC,SRPT,S1RP34,US8036071004,BRS1RPBDR005,1:20,USA,Investidor em Geral,Banco B3,NASDAQ,Farmacêutico
SBA COMMUNICATIONS CORP,SBAC,S1BA34,US78410G1040,BRS1BABDR001,1:5,USA,Investidor em Geral,Banco B3,NASDAQ,Financeiro
SCHLUMBERGER LIMITED,SLB,SLBG34,AN8068571086,BRSLBGBDR003,1:2,USA,Investidor em Geral,Itaú Unibanco,NYSE,"Petróleo, Gás e Biocombustíveis/Equipamentos e Serviços"
SCOTIABANK,BNS,BNSB34,CA0641491075,BRBNSBBDR000,1:5,CA,Investidor em Geral,Bradesco,TSX,-
SEA LTD,SE,S2EA34,US81141R1005,BRS2EABDR003,1:25,SIN,Investidor em Geral,Banco B3,NYSE,Tecnologia
Seagate Technology Holdings Plc,STX,S1TX34,IE00BKVD2N49,BRS1TXBDR005,1:1,IE,Investidor em Geral,Banco B3,NASDAQ,Tecnologia
SEAGEN INC.,SGEN,S1GE34,US81181C1045,BRS1GEBDR002,1:20,USA,Investidor em Geral,Banco B3,NASDAQ,Farmacêutico
SEALED AIR CORP,SEE,S1EA34,US81211K1007,BRS1EABDR005,1:1,USA,Investidor em Geral,Banco B3,NYSE,Industrial
SEI INVESTMENTS CO,SEIC,S2EI34,US7841171033,BRS2EIBDR006,1:6,USA,Investidor em Geral,Banco B3,NASDAQ,Financeiro
SEMPRA,SRE,S1RE34,US8168511090,BRS1REBDR009,1:4,USA,Investidor em Geral,Banco B3,NYSE,Utilidades
SERVICENOW INC,NOW,N1OW34,US81762P1021,BRN1OWBDR003,1:50,USA,Investidor em Geral,Banco B3,NYSE,Tecnologia
Shockwave Medical Inc,SWAV,S2WA34,US82489T1043,BRS2WABDR005,1:18,USA,Investidor em Geral,Banco B3,NASDAQ GS,Saúde e Biotecnologia
SHOPIFY INC,SHOP,S2HO34,CA82509L1076,BRS2HOBDR007,1:120,CA,Investidor em Geral,Banco B3,NYSE,Comunicação
SIBANYE STILLWATER LTD,SBSW,S1BS34,US82575P1075,BRS1BSBDR003,1:2,ZAF,Investidor em Geral,Banco B3,NYSE,Mineradora
SILICON LABORATORIES INC,SLAB,S2LA34,US8269191024,BRS2LABDR008,1:22,USA,Investidor em Geral,Banco B3,NASDAQ,Tecnologia
SIMON PROPERTY GROUP INC,SPG,SIMN34,US8288061091,BRSIMNBDR002,1:4,USA,Investidor em Geral,Banco B3,NYSE,Financeiro
SIMPLY GOOD FOODS CO/THE,SMPL,S2MP34,US82900L1026,BRS2MPBDR004,1:3,USA,Investidor em Geral,Banco B3,NASDAQ CM,"Alimentação, restaurantes"
SIRIUS XM HOLDINGS INC,SIRI,SRXM34,US82968B1035,BRSRXMBDR002,1:1,USA,Investidor em Geral,Banco B3,NASDAQ,Comunicação
SK TELECOM CO LTD,SKM,S1KM34,US78440P3064,BRS1KMBDR007,1:4,KOR,Investidor em Geral,Banco B3,NYSE,Comunicação
SKYWORKS SOLUTIONS INC,SWKS,S1SL34,US83088M1027,BRS1SLBDR002,1:2,USA,Investidor em Geral,Banco B3,NASDAQ,Tecnologia
SL GREEN REALTY CORP,SLG,S1LG34,US78440X8873,BRS1LGBDR007,1:2,USA,Investidor em Geral,Banco B3,NYSE,Financeiro
SMARTSHEET INC,SMAR,S2MA34,US83200N1037,BRS2MABDR006,1:8,USA,Investidor em Geral,Banco B3,NYSE,Tecnologia
SMITH & NEPHEW PLC,SNN,S1NN34,US83175M2052,BRS1NNBDR009,1:5,GBR,Investidor em Geral,Banco B3,NYSE,Farmacêutico
SNAP INC,SNAP,S2NA34,US83304A1060,BRS2NABDR004,1:6,USA,Investidor em Geral,Banco B3,NYSE,Comunicação
SNAP-ON INC,SNA,S1NA34,US8330341012,BRS1NABDR006,1:4,USA,Investidor em Geral,Banco B3,NYSE,Industrial
SNOWFLAKE INC,SNOW,S2NW34,US8334451098,BRS2NWBDR008,1:40,USA,Investidor em Geral,Banco B3,NYSE,Tecnologia
SOCIEDAD QUIMICA Y MINERA DE CHILE SA,SQM,S2CH34,US8336351056,BRS2CHBDR002,1:6,USA,Investidor em Geral,Banco B3,NYSE,Materiais básicos
SOLAREDGE TECHNOLOGIES INC,SEDG,S2ED34,US83417M1045,BRS2EDBDR007,1:35,USA,Investidor em Geral,Banco B3,NASDAQ,Energia
SONY GROUP CORPORATION,SONY,SNEC34,US8356993076,BRSNECBDR002,1:1,JP,Investidor em Geral,Banco B3,NYSE,Tecnologia
SOUTHWEST AIRLINES CO,LUV,S1OU34,US8447411088,BRS1OUBDR002,1:1,USA,Investidor em Geral,Banco B3,NYSE,Aviação
SPLUNK INC,SPLK,S1PL34,US8486371045,BRS1PLBDR008,1:20,USA,Investidor em Geral,Banco B3,NASDAQ,Tecnologia
SPOTIFY TECHNOLOGY SA,SPOT,S1PO34,LU1778762911,BRS1POBDR002,1:4,LU,Investidor em Geral,Banco B3,NYSE,Comunicação
Sprouts Farmers Market Inc,SFM,S2FM34,US85208M1027,BRS2FMBDR005,1:3,USA,Investidor em Geral,Banco B3,NASDAQ GS,Produtos de consumo não duráveis
Squarespace Inc,SQSP,S2QS34,US85225A1079,BRS2QSBDR009,1:6,USA,Investidor em Geral,Banco B3,NYSE,Comunicação
SS&C TECHNOLOGIES HOLDINGS INC,SSNC,S1SN34,US78467J1007,BRS1SNBDR008,1:6,USA,Investidor em Geral,Banco B3,NASDAQ,Tecnologia
STAG INDUSTRIAL INC,STAG,S2TA34,US85254J1025,BRS2TABDR001,1:5,USA,Investidor em Geral,Banco B3,NYSE,Financeiro
Standard Chartered,STAN,STCH34,GB0004082847,BRSTCHBDR002,1:50,UK,Investidor em Geral,Bradesco,LSE,-
STANLEY BLACK & DECKER INC,SWK,S1WK34,US8545021011,BRS1WKBDR006,1:4,USA,Investidor em Geral,Banco B3,NYSE,Industrial
STARBUCKS CORPORATION,SBUX,SBUB34,US8552441094,BRSBUBBDR005,1:1,USA,Investidor em Geral,Bradesco,NASDAQ,Consumo Cíclico/Hoteis e Restaurantes /Restaurante e Similares
STARWOOD PROPERTY TRUST INC,STWD,S2TW34,US85571B1052,BRS2TWBDR005,1:3,USA,Investidor em Geral,Banco B3,NYSE,Financeiro
STATE STREET CORP,STT,S1TT34,US8574771031,BRS1TTBDR003,1:1,USA,Investidor em Geral,Banco B3,NYSE,Financeiro
STEPAN CO,SCL,S2CL34,US8585861003,BRS2CLBDR004,1:10,USA,Investidor em Geral,Banco B3,NYSE,Materiais básicos
STERIS PLC,STE,S1TE34,IE00BFY8C754,BRS1TEBDR005,1:20,IE,Investidor em Geral,Banco B3,NYSE,Farmacêutico
STMICROELECTRONICS NV,STM,STMN34,US8610121027,BRSTMNBDR009,1:1,NL,Investidor em Geral,Banco B3,NYSE,Tecnologia
STONECO LTD.,STNE,STOC31,KYG851581069,BRSTOCBDR008,1:1,KY,Investidor em Geral,Bradesco,NASDAQ,Financeiro e Outros/Serviços Financeiros Diversos
Stride Inc,LRN,L2RN34,US86333M1080,BRL2RNBDR005,1:4,USA,Investidor em Geral,Banco B3,NYSE,Tecnologia
STRYKER CORP,SYK,S1YK34,US8636671013,BRS1YKBDR002,1:20,USA,Investidor em Geral,Banco B3,NYSE,Equipamentos Médicos
SUMITOMO MITSUI FINANCIAL GROUP INC,SMFG,S1MF34,US86562M2098,BRS1MFBDR007,1:1,JP,Investidor em Geral,Banco B3,NYSE,Financeiro
SUN COMMUNITIES INC,SUI,S2UI34,US8666741041,BRS2UIBDR002,1:20,USA,Investidor em Geral,Banco B3,NYSE,Financeiro
SYNAPTICS INC,SYNA,S2YN34,US87157D1090,BRS2YNBDR004,1:30,USA,Investidor em Geral,Banco B3,NASDAQ,Tecnologia
SYNCHRONY FINANCIAL,SYF,S1YF34,US87165B1035,BRS1YFBDR002,1:1,USA,Investidor em Geral,Banco B3,NYSE,Financeiro
SYNOPSYS INC,SNPS,S1NP34,US8716071076,BRS1NPBDR004,1:4,USA,Investidor em Geral,Banco B3,NASDAQ,Tecnologia
SYSCO CORP,SYY,S1YY34,US8718291078,BRS1YYBDR003,1:2,USA,Investidor em Geral,Banco B3,NYSE,Marketing
T ROWE PRICE GROUP INC,TROW,T1RO34,US74144T1088,BRT1ROBDR007,1:2,USA,Investidor em Geral,Banco B3,NASDAQ,Financeiro
TAIWAN SEMICONDUCTOR MANUFACTURING CO LTD,TSM,TSMC34,US8740391003,BRTSMCBDR002,1:8,TW,Investidor em Geral,Banco B3,NYSE,Tecnologia
TAKEDA PHARMACEUTICAL CO LTD,TAK,TAKP34,US8740602052,BRTAKPBDR006,1:1,JP,Investidor em Geral,Banco B3,NYSE,Farmacêutico
TAKE-TWO INTERACTIVE SOFTWARE INC,TTWO,T1TW34,US8740541094,BRT1TWBDR006,1:4,USA,Investidor em Geral,Banco B3,NASDAQ,Tecnologia
TAL EDUCATION GROUP,TAL,T1AL34,US8740801043,BRT1ALBDR009,1:10,CN,Investidor em Geral,Banco B3,NYSE,Prestador de Serviços
TANDEM DIABETES CARE INC,TNDM,T2ND34,US8753722037,BRT2NDBDR007,1:15,USA,Investidor em Geral,Banco B3,NASDAQ,Equipamentos Médicos
TAPESTRY INC,TPR,TPRY34,US8760301072,BRTPRYBDR001,1:1,USA,Investidor em Geral,Banco B3,NYSE,Vestuário
TARGET CORP,TGT,TGTB34,US87612E1064,BRTGTBBDR004,1:1,USA,Investidor em Geral,Bradesco,NYSE,Consumo não Cíclico/Comércio e Distribuição/Alimentos
TE CONNECTIVITY LTD,TEL,T1EL34,CH0102993182,BRT1ELBDR001,1:2,CHE,Investidor em Geral,Banco B3,NYSE,Industrial
TechnipFMC PLC,FTI,T1EC34,GB00BDSFG982,BRT1ECBDR000,1:1,GBR,Investidor em Geral,Banco B3,NYSE,Energia
TELADOC HEALTH INC,TDOC,T2DH34,US87918A1051,BRT2DHBDR009,1:30,USA,Investidor em Geral,Banco B3,NYSE,Assistência Médica
TELEFLEX INC,TFX,T1FX34,US8793691069,BRT1FXBDR003,1:10,USA,Investidor em Geral,Banco B3,NYSE,Equipamentos Médicos
TELEFONICA SA,TEF,TLNC34,US8793822086,BRTLNCBDR005,1:1,ES,Investidor em Geral,Banco B3,NYSE,Comunicação
Tempur Sealy International Inc,TPX,T2PX34,US88023U1016,BRT2PXBDR000,1:4,USA,Investidor em Geral,Banco B3,NYSE,Utilidades
TENARIS SA,TS,T1SS34,US88031M1099,BRT1SSBDR006,1:2,LU,Investidor em Geral,Banco B3,NYSE,Industrial
TERADYNE INC,TER,T2ER34,US8807701029,BRT2ERBDR006,1:18,USA,Investidor em Geral,Banco B3,NASDAQ,Tecnologia
TERNIUM SA,TX,TXSA34,US8808901081,BRTXSABDR003,1:1,LU,Investidor em Geral,Banco B3,NYSE,Materiais básicos
Tesco,TSCO,TCCO34,GB00BLGZ9862,BRTCCOBDR002,1:50,UK,Investidor em Geral,Bradesco,LSE,-
"TESLA, INC",TSLA,TSLA34,US88160R1014,BRTSLABDR008,1:32,USA,Investidor em Geral,Banco B3,NASDAQ,Automóvel
TEVA PHARMACEUTICAL INDUSTRIES LTD,TEVA,T1EV34,US8816242098,BRT1EVBDR000,1:2,IL,Investidor em Geral,Banco B3,NYSE,Farmacêutico
TEXAS INSTRUMENTS INC.,TXN,TEXA34,US8825081040,BRTEXABDR003,1:15,USA,Investidor em Geral,Bradesco,NASDAQ,Tecnologia da Informação/Computadores e Equipamentos
TEXTRON INC,TXT,T1XT34,US8832031012,BRT1XTBDR004,1:1,USA,Investidor em Geral,Banco B3,NYSE,Industrial
THE BANK OF NEW YORK MELLON CORPORATION,BK,BONY34,US0640581007,BRBONYBDR001,1:1,USA,Investidor em Geral,Bradesco,NYSE,Financeiro e Outros/Serviços Financeiros/Gestão de Recursos e Investimentos
THE BOEING COMPANY,BA,BOEI34,US0970231058,BRBOEIBDR003,1:1,USA,Investidor em Geral,Bradesco,NYSE,Bens Industriais/Material de Transporte/Material Aeronáutico e de Defesa
THE CHARLES SCHWAB CORPORATION,SCHW,SCHW34,US8085131055,BRSCHWBDR006,1:8,USA,Investidor em Geral,Banco B3,NYSE,Financeiro
THE COCA-COLA COMPANY,KO,COCA34,US1912161007,BRCOCABDR002,1:6,USA,Investidor em Geral,Itaú Unibanco,NYSE,Consumo não Cíclico/Bebidas/Cervejas e Refrigerantes
"THE GAP, INC.",GPS,GPSI34,US3647601083,BRGPSIBDR009,1:1,USA,Investidor em Geral,Banco B3,NYSE,Vestuário
The Hain Celestial Group Inc,HAIN,H2AI34,US4052171000,BRH2AIBDR007,1:3,USA,Investidor em Geral,Banco B3,NASDAQ GS,Produtos de consumo não duráveis
THE HERSHEY COMPANY,HSY,HSHY34,US4278661081,BRHSHYBDR001,1:5,USA,Investidor em Geral,Banco B3,NYSE,"Alimentação, restaurantes"
"THE HOME DEPOT, INC.",HD,HOME34,US4370761029,BRHOMEBDR002,1:28,USA,Investidor em Geral,Banco B3,NYSE,Lojas de departamento
THE JM SMUCKER CO,SJM,S1JM34,US8326964058,BRS1JMBDR009,1:2,USA,Investidor em Geral,Banco B3,NYSE,"Alimentação, restaurantes"
THE KRAFT HEINZ COMPANY,KHC,KHCB34,US5007541064,BRKHCBBDR007,1:4,USA,Investidor em Geral,Bradesco,NASDAQ,Consumo não Cíclico/Alimentos/Alimentos Diversos
THE MOSAIC COMPANY,MOS,MOSC34,US61945C1036,BRMOSCBDR003,1:6,USA,Investidor em Geral,Banco B3,NYSE,Materiais básicos
The Progressive Corp,PGR,P1GR34,US7433151039,BRP1GRBDR007,1:2,USA,Investidor em Geral,Banco B3,NYSE,Financeiro
THE SHERWIN-WILLIAMS CO,SHW,S1HW34,US8243481061,BRS1HWBDR002,1:10,USA,Investidor em Geral,Banco B3,NYSE,Materiais básicos
THE SOUTHERN CO,SO,T1SO34,US8425871071,BRT1SOBDR005,1:1,USA,Investidor em Geral,Banco B3,NYSE,Utilidades
THE TRADE DESK INC,TTD,T2TD34,US88339J1051,BRT2TDBDR004,1:100,USA,Investidor em Geral,Banco B3,NASDAQ,Comunicação
"THE TRAVELERS COMPANIES, INC",TRV,TRVC34,US89417E1091,BRTRVCBDR005,1:32,USA,Investidor em Geral,Banco B3,NYSE,Seguros
THE WALT DISNEY COMPANY,DIS,DISB34,US2546871060,BRDISBBDR006,1:15,USA,Investidor em Geral,Bradesco,NYSE,Comunicações/Mídia/Produção e Difusão de Filmes e Programas
THE WESTERN UNION COMPANY,WU,WUNI34,US9598021098,BRWUNIBDR007,1:1,USA,Investidor em Geral,Banco B3,NYSE,Financeiro
THE WILLIAMS COS INC,WMB,W1MB34,US9694571004,BRW1MBBDR000,1:1,USA,Investidor em Geral,Banco B3,NYSE,Energia
"THERMO FISHER SCIENTIFIC, INC.",TMO,TMOS34,US8835561023,BRTMOSBDR007,1:48,USA,Investidor em Geral,Banco B3,NYSE,Medicina
Thomson Reuters,TRI,THRE34,CA8849037095,BRTHREBDR000,1:10,CA,Investidor em Geral,Bradesco,TSX,-
TJX COMPANIES INC,TJX,TJXC34,US8725401090,BRTJXCBDR008,1:1,USA,Investidor em Geral,Banco B3,NYSE,Lojas de departamento
T-MOBILE US INC,TMUS,T1MU34,US8725901040,BRT1MUBDR005,1:2,USA,Investidor em Geral,Banco B3,NASDAQ,Comunicação
TOYOTA MOTOR CORP.,TM,TMCO34,US8923313071,BRTMCOBDR001,1:16,JP,Investidor em Geral,Banco B3,NYSE,Automóvel
TRACTOR SUPPLY CO,TSCO,T1SC34,US8923561067,BRT1SCBDR000,1:18,USA,Investidor em Geral,Banco B3,NASDAQ,Lojas de departamento
TRANE TECHNOLOGIES PLC,TT,I1RP34,IE00BK9ZQ967,BRI1RPBDR007,1:2,IE,Investidor em Geral,Banco B3,NYSE,Industrial
TRANSDIGM GROUP INC,TDG,T1DG34,US8936411003,BRT1DGBDR003,1:50,USA,Investidor em Geral,Banco B3,NYSE,Industrial
TRANSOCEAN LTD.,RIG,RIGG34,CH0048265513,BRRIGGBDR000,1:1,USA,Investidor em Geral,Banco B3,NYSE,Perfuração
TREX CO INC,TREX,T2RE34,US89531P1057,BRT2REBDR006,1:15,USA,Investidor em Geral,Banco B3,NYSE,Industrial
TRIMBLE INC,TRMB,T2RM34,US8962391004,BRT2RMBDR009,1:10,USA,Investidor em Geral,Banco B3,NASDAQ,Industrial
TRIP.COM GROUP LIMITED,TCOM,CRIP34,US89677Q1076,BRCRIPBDR000,1:1,CN,Investidor em Geral,Banco B3,NASDAQ,Comunicação
TRIPADVISOR INC,TRIP,T1RI34,US8969452015,BRT1RIBDR009,1:1,USA,Investidor em Geral,Banco B3,NASDAQ,Comunicação
TRUIST FINANCIAL CORPORATION,TFC,B1BT34,US89832Q1094,BRB1BTBDR000,1:1,USA,Investidor em Geral,Banco B3,NYSE,Financeiro
TuSimple Holdings Inc,TSP,T2SP34,US90089L1089,BRT2SPBDR000,1:1,USA,Investidor em Geral,Banco B3,NASDAQ GS,Automóvel
TWILIO INC,TWLO,T1WL34,US90138F1021,BRT1WLBDR003,1:25,USA,Investidor em Geral,Banco B3,NYSE,Tecnologia
TYLER TECHNOLOGIES INC,TYL,T2YL34,US9022521051,BRT2YLBDR007,1:60,USA,Investidor em Geral,Banco B3,NYSE,Tecnologia
TYSON FOODS INC,TSN,TSNF34,US9024941034,BRTSNFBDR003,1:1,USA,Investidor em Geral,Banco B3,NYSE,"Alimentação, restaurantes"
U.S. BANCORP,USB,USBC34,US9029733048,BRUSBCBDR003,1:4,USA,Investidor em Geral,Itaú Unibanco,NYSE,Financeiro e Outros/Intermediários Financeiros/Bancos
UBER TECHNOLOGIES INC,UBER,U1BE34,US90353T1007,BRU1BEBDR009,1:4,USA,Investidor em Geral,Banco B3,NYSE,Comunicação
UBS GROUP AG,UBS,UBSG34,CH0244767585,BRUBSGBDR004,1:1,CHE,Investidor em Geral,Banco B3,NYSE,Financeiro
UDR INC,UDR,U1DR34,US9026531049,BRU1DRBDR007,1:1,USA,Investidor em Geral,Banco B3,NYSE,Financeiro
UiPath Inc,PATH,P2AT34,US90364P1057,BRP2ATBDR004,1:8,USA,Investidor em Geral,Banco B3,NYSE,Tecnologia
ULTA BEAUTY INC,ULTA,U1LT34,US90384S3031,BRU1LTBDR006,1:20,USA,Investidor em Geral,Banco B3,NASDAQ,Beleza
ULTRAGENYX PHARMACEUTICAL INC,RARE,R2AR34,US90400D1081,BRR2ARBDR006,1:10,USA,Investidor em Geral,Banco B3,NASDAQ,"Pacífico Asiático, Ex Japão"
UNDER ARMOUR INC,UA,U1AI34,US9043112062,BRU1AIBDR002,1:1,USA,Investidor em Geral,Banco B3,NYSE,Vestuário
UNILEVER PLC,UL,ULEV34,US9047677045,BRULEVBDR002,1:1,GBR,Investidor em Geral,Banco B3,NYSE,Higiene Pessoal
UNION PACIFIC CORPORATION,UNP,UPAC34,US9078181081,BRUPACBDR001,1:4,USA,Investidor em Geral,Banco B3,NYSE,Industrial
UNITED AIRLINES HOLDINGS INC,UAL,U1AL34,US9100471096,BRU1ALBDR006,1:2,USA,Investidor em Geral,Banco B3,NASDAQ,Aviação
United Natural Foods Inc,UNFI,U2NF34,US9111631035,BRU2NFBDR009,1:4,USA,Investidor em Geral,Banco B3,NYSE,Produtos de consumo não duráveis
"UNITED PARCEL SERVICE, INC.",UPS,UPSS34,US9113121068,BRUPSSBDR009,1:16,USA,Investidor em Geral,Banco B3,NYSE,Logistica e Transportes
UNITED RENTALS INC,URI,U1RI34,US9113631090,BRU1RIBDR006,1:28,USA,Investidor em Geral,Banco B3,NYSE,Locadora
UNITED STATES STEEL CORPORATION,X,USSX34,US9129091081,BRUSSXBDR003,1:1,USA,Investidor em Geral,Banco B3,NYSE,Siderurgia
UNITEDHEALTH GROUP INC,UNH,UNHH34,US91324P1021,BRUNHHBDR000,1:70,USA,Investidor em Geral,Banco B3,NYSE,Farmacêutico
UNITY SOFTWARE INC,U,U2ST34,US91332U1016,BRU2STBDR009,1:20,USA,Investidor em Geral,Banco B3,NYSE,Tecnologia
UNIVERSAL DISPLAY CORP,OLED,O2LE34,US91347P1057,BRO2LEBDR004,1:18,USA,Investidor em Geral,Banco B3,NASDAQ,Industrial
UNIVERSAL HEALTH SERVICES INC,UHS,U1HS34,US9139031002,BRU1HSBDR006,1:4,USA,Investidor em Geral,Banco B3,NYSE,Equipamentos Médicos
UNUM GROUP,UNM,U1NM34,US91529Y1064,BRU1NMBDR007,1:1,USA,Investidor em Geral,Banco B3,NYSE,Financeiro
UPSTART HOLDINGS INC,UPST,U2PS34,US91680M1071,BRU2PSBDR007,1:20,USA,Investidor em Geral,Banco B3,NASDAQ,Financeiro
Upwork Inc,UPWK,U2PW34,US91688F1049,BRU2PWBDR009,1:5,USA,Investidor em Geral,Banco B3,NASDAQ,Comunicação
VALERO ENERGY CORPORATION,VLO,VLOE34,US91913Y1001,BRVLOEBDR005,1:2,USA,Investidor em Geral,Banco B3,NYSE,Petróleo
VALLEY NATIONAL BANCORP,VLY,VLYB34,US9197941076,BRVLYBBDR000,1:1,USA,Investidor em Geral,Banco B3,NASDAQ,Financeiro
VARONIS SYSTEMS INC,VRNS,V2RN34,US9222801022,BRV2RNBDR003,1:6,USA,Investidor em Geral,Banco B3,NASDAQ,Tecnologia
Veeva Systems Inc,VEEV,V2EE34,US9224751084,BRV2EEBDR000,1:30,USA,Investidor em Geral,Banco B3,NYSE,Tecnologia
VENTAS INC,VTR,V1TA34,US92276F1003,BRV1TABDR008,1:2,USA,Investidor em Geral,Banco B3,NYSE,Financeiro
VERISIGN INC,VRSN,VRSN34,US92343E1029,BRVRSNBDR004,1:4,USA,Investidor em Geral,Banco B3,NASDAQ,Comunicação
VERISK ANALYTICS INC,VRSK,V1RS34,US92345Y1064,BRV1RSBDR004,1:76,USA,Investidor em Geral,Banco B3,NASDAQ,Análise de Dados
VERIZON COMMUNICATIONS INC.,VZ,VERZ34,US92343V1044,BRVERZBDR008,1:6,USA,Investidor em Geral,Banco B3,NYSE,Telecomunicação
VERTEX PHARMACEUTICALS INC,VRTX,VRTX34,US92532F1003,BRVRTXBDR001,1:4,USA,Investidor em Geral,Banco B3,NASDAQ,Farmacêutico
VF CORP,VFC,VFCO34,US9182041080,BRVFCOBDR001,1:2,USA,Investidor em Geral,Banco B3,NYSE,Vestuário
Vimeo Inc,VMEO,V2ME34,US92719V1008,BRV2MEBDR003,1:5,USA,Investidor em Geral,Banco B3,NASDAQ,Comunicação
VIPSHOP HOLDINGS LTD,VIPS,V1IP34,US92763W1036,BRV1IPBDR009,1:2,CN,Investidor em Geral,Banco B3,NYSE,Comércio
VISA INC.,V,VISA34,US92826C8394,BRVISABDR000,1:20,USA,Investidor em Geral,Bradesco,NYSE,Financeiro e Outros/Serviços Financeiros Diversos
VMWARE INC,VMW,V2MW34,US9285634021,BRV2MWBDR005,1:12,USA,Investidor em Geral,Banco B3,NYSE,Tecnologia
VODAFONE GROUP PUBLIC LTD COMPANY,VOD,V1OD34,US92857W3088,BRV1ODBDR003,1:2,GBR,Investidor em Geral,Banco B3,NASDAQ,Comunicação
VORNADO REALTY TRUST,VNO,V1NO34,US9290421091,BRV1NOBDR002,1:1,USA,Investidor em Geral,Banco B3,NYSE,Financeiro
VULCAN MATERIALS CO,VMC,V1MC34,US9291601097,BRV1MCBDR009,1:60,USA,Investidor em Geral,Banco B3,NYSE,Industrial
WABTEC CORP,WAB,W1AB34,US9297401088,BRW1ABBDR005,1:2,USA,Investidor em Geral,Banco B3,NYSE,Industrial
WALGREENS BOOTS ALLIANCE INC,WBA,WGBA34,US9314271084,BRWGBABDR008,1:2,USA,Investidor em Geral,Banco B3,NASDAQ,Farmacêutico
WALMART INC.,WMT,WALM34,US9311421039,BRWALMBDR005,1:16,USA,Investidor em Geral,Banco B3,NYSE,Lojas de departamento
"WARNER BROS. DISCOVERY, INC.",WBD,W1BD34,US9344231041,BRW1BDBDR009,1:1,USA,Investidor em Geral,Banco B3,Nasdaq,Comunicação
WARNER MUSIC GROUP CORPORATION,WMG,W1MG34,US9345502036,BRW1MGBDR009,1:4,USA,Investidor em Geral,Banco B3,NASDAQ,Telecomunicação
WASTE MANAGEMENT INC,WM,W1MC34,US94106L1098,BRW1MCBDR008,1:2,USA,Investidor em Geral,Banco B3,NYSE,Industrial
WATERS CORP,WAT,WATC34,US9418481035,BRWATCBDR009,1:4,USA,Investidor em Geral,Banco B3,NYSE,Industrial
WATSCO INC,WSO,W1SO34,US9426222009,BRW1SOBDR000,1:25,USA,Investidor em Geral,Banco B3,NYSE,Fabricante de Elétrodomésticos
Wayfair Inc,W,W2YF34,US94419L1017,BRW2YFBDR004,1:35,USA,Investidor em Geral,Banco B3,NYSE,Comunicação
WEC ENERGY GROUP INC,WEC,W1EC34,US92939U1060,BRW1ECBDR005,1:2,USA,Investidor em Geral,Banco B3,NYSE,Utilidades
WEIBO CORP,WB,W1BO34,US9485961018,BRW1BOBDR006,1:4,CN,Investidor em Geral,Banco B3,NASDAQ,Comunicação
Wells Fargo Company,WFC,WFCO34,US9497461015,BRWFCOBDR009,1:4,USA,Investidor em Geral,Banco B3,NYSE,Financeiro e Outros/Intermediários Financeiros/Bancos
WELLTOWER INC,WELL,W1EL34,US95040Q1040,BRW1ELBDR006,1:2,USA,Investidor em Geral,Banco B3,NYSE,Financeiro
West Pharmaceutical Services Inc,WST,W2ST34,US9553061055,BRW2STBDR007,1:35,USA,Investidor em Geral,Banco B3,NYSE,Equipamentos Médicos
WESTERN ALLIANCE BANCORPORATION,WAL,WABC34,US9576381092,BRWABCBDR007,1:1,USA,Investidor em Geral,Banco B3,NYSE,Financeiro
WESTERN DIGITAL CORP,WDC,W1DC34,US9581021055,BRW1DCBDR007,1:1,USA,Investidor em Geral,Banco B3,NASDAQ,Tecnologia
WESTROCK CO,WRK,W1RK34,US96145D1054,BRW1RKBDR000,1:1,USA,Investidor em Geral,Banco B3,NYSE,Industrial
WEX INC,WEX,W2EX34,US96208T1043,BRW2EXBDR009,1:15,USA,Investidor em Geral,Banco B3,NYSE,Sem Classificação
WEYERHAEUSER CO,WY,W1YC34,US9621661043,BRW1YCBDR003,1:1,USA,Investidor em Geral,Banco B3,NYSE,Financeiro
WHIRLPOOL CORP,WHR,W1HR34,US9633201069,BRW1HRBDR006,1:4,USA,Investidor em Geral,Banco B3,NYSE,Fabricante de Elétrodomésticos
WILLIS TOWERS WATSON PLC,WTW,W1LT34,IE00BDB6Q211,BRW1LTBDR004,1:4,IE,Investidor em Geral,Banco B3,NASDAQ,Financeiro
WIX.COM LTD,WIX,W1IX34,IL0011301780,BRW1IXBDR002,1:30,IL,Investidor em Geral,Banco B3,NASDAQ,Comunicação
WOLFSPEED INC,WOLF,W2OL34,US9778521024,BRW2OLBDR003,1:15,USA,Investidor em Geral,Banco B3,NYSE,Tecnologia
WORKDAY INC,WDAY,W1DA34,US98138H1014,BRW1DABDR001,1:16,USA,Investidor em Geral,Banco B3,NASDAQ,Tecnologia
WPP PLC,WPP,W1PP34,US92937A1025,BRW1PPBDR003,1:5,GBR,Investidor em Geral,Banco B3,NYSE,Comunicação
WR BERKLEY CORPORATION,WRB,W1RB34,US0844231029,BRW1RBBDR009,1:10,USA,Investidor em Geral,Banco B3,NYSE,Financeiro
WW GRAINGER INC,GWW,G1WW34,US3848021040,BRG1WWBDR005,1:40,USA,Investidor em Geral,Banco B3,NYSE,Industrial
WYNN RESORTS LTD,WYNN,W1YN34,US9831341071,BRW1YNBDR000,1:2,USA,Investidor em Geral,Banco B3,NASDAQ,Hotelaria
XCEL ENERGY INC,XEL,X1EL34,US98389B1008,BRX1ELBDR005,1:2,USA,Investidor em Geral,Banco B3,NASDAQ,Utilidades
XEROX HOLDINGS CORPORATION,XRX,XRXB34,US98421M1062,BRXRXBBDR005,1:1,USA,Investidor em Geral,Bradesco,NYSE,Tecnologia da Informação/Computadores e Equipamentos
XP INC.,XP,XPBR31,KYG982391099,BRXPBRBDR001,1:1,USA,Investidor em Geral,Itaú Unibanco,NASDAQ,Financeiro e Outros/Intermediários Financeiros/Bancos
XYLEM INC,XYL,X1YL34,US98419M1009,BRX1YLBDR003,1:2,USA,Investidor em Geral,Banco B3,NYSE,Industrial
YUM BRANDS INC,YUM,YUMR34,US9884981013,BRYUMRBDR006,1:2,USA,Investidor em Geral,Banco B3,NYSE,"Alimentação, restaurantes"
ZEBRA TECHNOLOGIES CORPORATION,ZBRA,Z1BR34,US9892071054,BRZ1BRBDR006,1:30,USA,Investidor em Geral,Banco B3,NASDAQ,Tecnologia
ZIFF DAVIS INC,ZD,Z2DV34,US48123V1026,BRZ2DVBDR002,1:15,USA,Investidor em Geral,Banco B3,NASDAQ,Tecnologia
Zillow Group Inc (Class A),ZG,Z2LL35,US98954M1018,BRZ2LLBDR014,1:6,USA,Investidor em Geral,Banco B3,NASDAQ,Comunicação
Zillow Group Inc (Class C),Z,Z2LL34,US98954M2008,BRZ2LLBDR006,1:12,USA,Investidor em Geral,Banco B3,NASDAQ,Comunicação
ZIMMER BIOMET HOLDINGS INC,ZBH,Z1BH34,US98956P1021,BRZ1BHBDR007,1:4,USA,Investidor em Geral,Banco B3,NYSE,Equipamentos Médicos
ZIONS BANCORPORATION NA,ZION,Z1IO34,US9897011071,BRZ1IOBDR008,1:1,USA,Investidor em Geral,Banco B3,NASDAQ,Financeiro
ZOETIS INC,ZTS,Z1TS34,US98978V1035,BRZ1TSBDR006,1:16,USA,Investidor em Geral,Banco B3,NYSE,Medicina
ZOOM VIDEO COMMUNICATIONS INC,ZM,Z1OM34,US98980L1017,BRZ1OMBDR000,1:25,USA,Investidor em Geral,Banco B3,NASDAQ,Tecnologia
ZOOMINFO TECHNOLOGIES INC,ZI,Z2IT34,US98980F1049,BRZ2ITBDR005,1:8,USA,Investidor em Geral,Banco B3,NASDAQ,Tecnologia
ZSCALER INC,ZS,Z2SC34,US98980G1022,BRZ2SCBDR000,1:30,USA,Investidor em Geral,Banco B3,NASDAQ,Tecnologia
ZTO EXPRESS CAYMAN INC,ZTO,Z1TO34,US98980A1051,BRZ1TOBDR005,1:4,CN,Investidor em Geral,Banco B3,NYSE,Logistica e Transportes
